0.83561988120462550131735993092302 53.32004858932818033149536082227
0.82019082690403365152892621216774 50.31071838022413548023834030895
0.804992858546445681150867522481276 47.458619701319895799668753176882
0.790018273792314108057251668594219 44.755328981284299327661707849085
0.77525943999555715515365928212598 42.19290081926370428836089063899
0.760708793804441449457094553484129 39.763841176290088405117412377247
0.74635884107775357524261326895811 37.461082072025576811045569554461
0.732202157133748704635979214480413 35.277957697240691411598171994598
0.718231387350196418373077919349311 33.2081818573805221339113067897
0.70443924813495810210778563318274 31.245826667287517508529397484394
0.690818528288123379216777329615291 29.385302421647165630509876915795
0.677362090777380542836226907849851 27.62133856982587584229672927779
0.66406287495054057896754336729229 25.9489657278544768203704995686305
0.650913899210544427576823756453623 24.3634986640333065343006981038619
0.637908264180419180980249665566179 22.8605201982370944494220922888389
0.625039156387801312469404329594647 21.4358659583865712213761799697658
0.612299852501802417172281558017 20.085609940854377770423600566333
0.599683724157718962740254520312029 18.8060508246238626364663996695251
0.587184243409092487854973415827372 17.5936989920223754280692821485975
0.574794988851133261503267908394496 16.4452642117077387918672644810566
0.562509652464428366149781051205863 15.357643942298742754224235543091
0.550322047234338238473560887541596 14.3279122177119529512008641265717
0.538226115608592357712244904520672 13.3533090777992583924781440854621
0.526215938864428998665075297496734 12.4312305103621113628733527118122
0.514285747466570751054777692925442 11.5592188729850148766710596879034
0.502429932509866045623562251516982 10.734953765479916364518555300108
0.490643058354389357423630647326612 9.956243325952229219216075295638
0.478919876577940489723173908107065 9.221015925697557378152129891254
0.467255341390835055613224526785292 8.5273122402514034876367578629731
0.455644626681439713735286549755573 7.8732776759654108751839663454127
0.444083144888378124871459490777813 7.257155133456794530418371473392
0.432566567928070757568807463313717 6.6772780912090976430860059032831
0.421090850443779923574068387953266 6.1320639944223681985316902806523
0.409652255686719030136970077834578 5.6200079359921724265697978647425
0.398247384390669958787804609391486 5.1396766181726818635853191248922
0.386873207060805115054099718367646 4.6897025851027102405986459757496
0.375527100164760383365210380627298 4.2687787178979731770443342679499
0.364206886791237946577167050053103 3.8756529854945663214682313933718
0.352910882428051123781170323077452 3.5091234458400675703299681581469
0.341637946607953386903489559653807 3.1680334934099679163591434001271
0.330387541276386968436462130464887 2.8512673504161822015148151479678
0.319159796847904449907942926944941 2.55774580049243849517131419888773
0.307955587034725166813209595544459 2.28642216517593402889277147128594
0.296776613644733482805973913721815 2.03627852521080422675037219511272
0.285625502647968553167579181638054 1.80632219069963848233787973859791
0.274505912883819857849797442399517 1.59558242652679616572132954120278
0.263422658803196552294698051908679 1.40310744244562688141748425541869
0.252381848575142257070957497860221 1.22796166090936155621750202575878
0.241391038686029233751109844773224 1.06922328033210251520808714373976
0.230459405750072859077716690156927 0.9259821571702730599352081694864
0.219597935533802251497393804986905 0.79733803717311514124329482253242
0.20881962803945880881627118898764 0.68239917442833323160198513711532
0.198139715718422539651991425596797 0.58028138636963816254320946116347
0.187575889271923781011571888377087 0.49010760335867363715528034091056
0.177148521779849366853575895231283 0.41100798207497965621681562780026
0.166880876794352193576341519778536 0.3421206613808801064142912024993
0.156799279292269454238296185392061 0.28259324539123756236616195257132
0.14693321988679188600153109508435 0.231585097929212785069225528777583
0.137315352668721172612516807238339 0.188270520979881164650751742248655
0.127981336310397126056138824053059 0.151842861710346030898103205525057
0.11896945846188546743882577091044 0.12151954225770511921162132634645
0.110319978280732696261748567122783 0.096547928960058385382051825958527
0.102074126157119592512365943773058 0.076211851671481057703188206520659
0.094272719736985757547076405144935 0.059838454791421326389939819663304
0.086954397595199930128931195277796 0.046804925647289996270766267059353
0.080153539596807473635518252125746 0.036544531243291050745553520733058
0.0738980314681412741877765571541371 0.028551339267398190985951420301411
0.0682071232920826565313981577098983 0.022383042011136491362110592365656
0.063089697289841007414011459674324 0.0176614648773223293711537324722738
0.0585432634910085112899486201824726 0.0140706134747446821382999383597705
0.0545539180682808353669446245795635 0.0113524428764542328511265383120174
0.0510973339559304735528486821372405 0.0093008377945221851297046854812275
0.0481406506410292299464949311531002 0.007754492246097355378894250337515
0.0456449567723640429512175040992435 0.0065894259726131878876945513252801
0.043567973517155451745840238233819 0.0057117798178060562161691299676014
0.0418665682424514837650356628297664 0.0050513449185279323544794339849429
0.0404988327194614803228780337352278 0.0045560681140962259387957904639451
0.0394255979892809654543752272452161 0.00418759284262456227373924159335
0.0386113819565830718568531265218812 0.0039177683185662676772066890961808
0.0380248487746754693930594258028661 0.0037259920480403436388109963846979
0.0376388969020056120626169241122419 0.0035972289157408892516219285879383
0.037430495589539490332857686595206 0.0035205570984918797103580678348674
0.0373803722251653862558587873008448 0.0034881122236917476056257657642083
0.0374726280057042517172404118737597 0.0034943265206353399676712736801279
0.0376943348839486970170750625854638 0.0035353836749622387151651222123371
0.0380351465019521347281620005804664 0.0036088303135508694416215394885846
0.0384869408910235536660151112327168 0.003713300994056192930501458041434
0.0390435026183310610028310746214863 0.0038483256248511241036248752308832
0.0397002457530967509391572839389117 0.0040141970963466266224686747321845
0.0404539754299503093816511215709128 0.0042118832908510310354108143730292
0.0413026839959413465017904407648039 0.0044429721860258038270403680234573
0.0422453770640514727914539465494009 0.0047096419767331179327085272498421
0.0432819247923696951171829035849292 0.0050146503884499174647317163137902
0.0444129340591054554553891592862405 0.0053613389172986651394989090092609
0.0456396377205999669097757130745942 0.0057536488041925808161782359491894
0.0469637977109900407983237478928259 0.0061961462734135386415121390886822
0.0483876193063462031089025441429249 0.0066940550383372183710588444408814
0.049913674400579969756846526630747 0.0072532943696690145548548303236605
0.051544832111057854906639960217414 0.0078805211861059019483756192924753
0.0532841954427168208562950552973436 0.0085831747019168479264486669455925
0.0551350430905354926791211122011002 0.0093695221804150715251241352028994
0.0571007757530765085796606492369361 0.0102487043205757349011700269775323
0.0591848665664377360430020184183744 0.0112307787657326263621083768801567
0.0613908154524374524964157081441468 0.0123267601858520541698953771248912
0.063722107309455418493072170552604 0.0135486553622607846775815117693374
0.0661821740640549344045261243745523 0.0149094917085439573141207289485538
0.068774360649787754058133495537736 0.0164233377025337855174340255781734
0.071501894993088298538645217314426 0.0181053137893681367627403679126067
0.074367862069478969858608794536814 0.0199715924472270353227936763193877
0.077375182054017702789037081510057 0.022039386286474818248035988129833
0.080526592534861514101481103957171 0.024326923276756517483595847239238
0.083824634693516543518345272749677 0.026853408458141071176757509197819
0.087271643287787436474281026769801 0.029638971784320026738869077690625
0.090869740208010529776301556004426 0.032704602056666696221910156235987
0.094620831318973499159680444996989 0.036072067226177924191312676732771
0.098526606251679841928584414244007 0.039763821652865412808049798638574
0.102588540774452906048950495938844 0.043802901208598014024045342673259
0.10680790135095001332103699433684 0.048212807376966133339132058166974
0.111185751484548492508859251329009 0.053017381734295027093872886306733
0.11572295945365149138019263695071 0.058240672383040570643030562052567
0.120420207057983444378458689599991 0.063906794046323323762573560548038
0.125277999021052130282940353421972 0.070039783619501516398438214466139
0.130296672725596035572580766138126 0.076663453010426825535904624122417
0.135476407996614041323904504138522 0.083801241089644485999006718911511
0.140817236685061561472668894117781 0.091476066513967335212570984549481
0.146319051846526653984132357681883 0.099710183093156522388866055041728
0.151981616349143516139614408719284 0.108525039242582578508829359636522
0.157804570782397390416367402392181 0.11794114291096113394673431187997
0.163787440575611827036422151841253 0.127977933205457250673094136362853
0.16992964226429038864936759176715 0.138653659749037315212640777070023
0.176230488873726966524041969099279 0.149985270624505207796651480205328
0.182689194411466450193073881740956 0.161988309568752875150253451999915
0.18930487748249603699765407391151 0.174676822904478615148740337197767
0.196076564056579574502405825995854 0.18806327652277449714087690896949
0.203003189433242419871258173903429 0.20215848307969067213771188911471
0.21008359945716012383065553217309 0.21697153941948580168243986392597
0.217316551048488282389918777136581 0.23250977412408062789503453551749
0.224700712113852056700426847447638 0.24877870496929709003044958404075
0.23223466091249386164434273786768 0.26578200599650829228400037776818
0.239916884948093432675684567846941 0.28352148381986144671972348540329
0.247745779462382755435829866809514 0.30199706275231215179027744832795
0.255719645602098575954508873589243 0.32120677828334694636415897707915
0.263836688331484532589802266254756 0.3411467784253390627022912226113
0.272095014160094850178191298605356 0.36181133243478086955604467629893
0.280492628750256545794256159668429 0.38319284640482259685558569890139
0.289027434469546176599059812015009 0.40528188525122752071409318630287
0.297697227944873661165572005981414 0.42806720061000195335895312949664
0.306499697676182292196723620537781 0.45153576420801776155912302712527
0.315432421761001845073166968133223 0.47567280628342305788998323548374
0.324492865774887510177041481659872 0.50046185865109146165289154965594
0.33367838085601843035599522718443 0.52588480207120125953743620970426
0.342986202027996299775879461096933 0.55192191756390603519485629374521
0.352413446803017898147365210932504 0.5785519413985381749634124690154
0.361957114090094600440857313016081 0.60575212345078789320589527241091
0.371614083441491177233302157230191 0.63349828870550502429934160866687
0.381381114660831932127698827402368 0.66176490167916400873890298840988
0.391254847788639503860763968628528 0.69052513353445258595758161652707
0.401231803489443872835120319808341 0.71975093173787113736432136018719
0.41130838384695545831364023110948 0.74941309205205215768128691378563
0.42148087358182949623414651500772 0.77948133272353155939819524503885
0.43174544169468641248939839915432 0.80992437068779074485739750100201
0.44209814354279527276351154006109 0.84070999966529691633994457984625
0.45253492334383616066136849525212 0.87180516995629631882761989126312
0.46305161711171944424321532331247 0.90317606982076712161898206644578
0.47364395601028848687025313259143 0.93478820823229820037933805174598
0.48430757012687456836866891489802 0.96660649889608993064681830271365
0.4950379926418373076689469117356 0.99859534527667699835373569572452
0.50583066439606818457152321965285 1.03071872653776392621890662807183
0.51668093882531181349925637772294 1.06294028410226795373355793574901
0.52758408725730764287928534329592 1.09522340870493242352711850396302
0.53853530453957728096156687247804 1.12753132763967876665782053804536
0.54952971498737549174847622381021 1.1598271920367180393511333218965
0.5605623786230971597373503543057 1.1920741638926189346086274736742
0.57162829767955434944957551961807 1.224235502581492926238543379882
0.58272242334776150082458963534504 1.2562746506282773725782047402542
0.59383966274099401213594909608226 1.2881553184702242944329059198185
0.60497488604327544183408338816269 1.319841567909852723423588838841
0.61612293381540581682636559697384 1.3512978939963040688132973507564
0.62727862443540956954585786988629 1.3824893051007158668873034641356
0.63843676162833769048760758217434 1.4133814008105682564675359494411
0.64959214208788956179587734942129 1.4439404475873156153112925513574
0.66073956310765747745579382906051 1.474133451576420356204605272302
0.671873830258913199210617383207 1.5039282287578425340936074375618
0.68298976502158091891737127204484 1.5332934717658036934378316253184
0.69408221239078314003352267719965 1.5621988134887598249144044812941
0.70514604840122603494001166690209 1.5906148870349163902194367381
0.71617618755257704940737599155337 1.6185133819335137979945826650316
0.72716759011130527176487260579749 1.6458670964029679851556875698546
0.7381152692623129581955710301789 1.6726499855149612939732802326856
0.74901429808538292349416486121817 1.6988372051077727495189855874283
0.75985981634052525109224438741769 1.724405151377379400335230391229
0.77064703702770265759473121825274 1.74933149596125380647158283706
0.78137125272354079480615771878509 1.7735952165966868726310160333973
0.79202784165343894429195870949725 1.7971766231472695600580101904335
0.80261227349986133789791933398949 1.8200573790932658877342650767143
0.81312011492503469566518447622457 1.8422205184404755068191164099917
0.82354703479625820463498932785517 1.863650458082267574445905261129
0.83388880910456528233244367227355 1.8843330056783179444242418391775
0.84414132556362990865630354143577 1.9042553630978124009258977292363
0.85430058789036484207543946445996 1.9234061255836622423621235186503
0.86436271973977568391839733700632 1.9417752766069644417860685538254
0.87432396831629582850014223999836 1.9593541787257714744638488386033
0.88418070764702259617011184160145 1.9761355605183194324514234223856
0.893929441491563548719844190197 1.9921134995960443216618062053939
0.9035668059512777614582962049389 2.0072834022978007860823874499921
0.91308957170642714534790224772176 2.0216419797663594779933447555854
0.92249464592696551548362430441515 2.035187220899205266624093022078
0.93177907385413845363578597361544 2.0479183623387468429987501238159
0.94094004005227742073922346202728 2.0598358556817182007059924844793
0.94997486934745472591325007298839 2.0709413322007596473446220252567
0.95888102744038232364231513390697 2.0812375651749305158295929369532
0.96765612122321648128317189618283 2.0907284302012261011185287248632
0.97629789880924049352029189338445 2.099418863716034578323678624255
0.98480424924471029943829718206361 2.1073148196941893906952435378183
0.99317320200552940051288483197209 2.1144232253507867327987827991747
1.00140292616002419262549414167653 2.1207519352306615072449838153298
1.00949172933850912459041413162652 2.1263096847390739847089926290401
1.01743805643591295555382084571606 2.1311060427741484608019391352658
1.02524048809045112446654766162811 2.1351513638668203739503378504478
1.03289773895551157813465915819749 2.138456740055390237160275296755
1.04040865577361713833268981466793 2.1410339526595829712038911574298
1.04777221524612462511128165904025 2.1428954240168247376345464838033
1.05498752175181046018242284056003 2.1440541696023713025205026317266
1.06205380489564624331171743076903 2.1445237504969948645550576493347
1.06897041690671385106798576183545 2.1443182263920335808383056434096
1.07573682990325836984192894311545 2.1434521093045266214709804987424
1.08235263304039899494490199110291 2.1419403181484742646576803061906
1.0888175295580637042236460787431 2.1397981343099990970463359621499
1.09513133370101415010677373426246 2.1370411580948624023157243739662
1.10129396759290456407985008433963 2.1336852665617594979200756575906
1.10730545802663229137220623114861 2.1297465725311674492000420727741
1.11316593316948428745023406678145 2.125241384775395468355610349301
1.11887561925183524351374653174261 2.1201861697914749321175679668776
1.12443483719326104302240315649297 2.1145975148826217613449166815352
1.12984399922051128648756822165828 2.108492092849357463915695383141
1.13510360544014891429761476072419 2.1018866280602902060197830420611
1.14021424041807945496994768103425 2.0947978641753900344712432539257
1.14517656976657875843566483857436 2.0872425334917687413976666745535
1.14999133669311204682754941772298 2.0792373276275455984678871425965
1.15465935862457488076241115575826 2.0707988701321574880882319956843
1.15918152380888058821571624629322 2.0619436904385644056946449901356
1.16355878794656419412190103495619 2.0526881994050603735949364675366
1.16779217089562382223958337023466 2.043048666624999407155611279451
1.17188275336650000594720737711843 2.0330411990085043101088914545787
1.17583167369124805782860263575773 2.0226817210333488325416124705743
1.17964012462082031456632466641515 2.0119859563647681079836084369258
1.1833093502287627312500528310427 2.0009694111924648620386125063446
1.18684064280049528816529079827792 1.9896473586036795147059060627201
1.19023533983155500347023789403651 1.978034824572025598232945240593
1.19349482108953081938546080720679 1.9661465752654077764481591510442
1.19662050574108071769557882395734 1.9539971056216341210110773768508
1.19961384951285283465527432508941 1.9416006289829290727643436832738
1.20247634198922267054366390868537 1.9289710682375513475627504482124
1.20520950394100395783063070408029 1.9161220478867033373462004634647
1.20781488474127516003000637653257 1.9030668872584743965794053392919
1.21029405984382532914170377292482 1.8898185946950709170403017411804
1.21264862836453943954336007921623 1.8763898628499797415310651729786
1.21488021078852816082576655459757 1.8627930651394133132333433664923
1.216990446581631031433124890751 1.8490402522730967006598075628535
1.21898099207100724372858565991804 1.8351431505127675943159802021441
1.22085351835269083266513528743345 1.8211131604699154879257495684958
1.22260970918367348890254658472022 1.8069613562235787359555762946133
1.22425125913584274105806542505087 1.7926984859576290388492845815923
1.22577987162082715633625838251061 1.7783349723203961323524905449957
1.2271972571334649781682197649351 1.7638809140229962760542260844718
1.22850513136233156357254510656727 1.7493460870946395986998654419355
1.22970521388381464074174429222909 1.7347399488474602785608720398999
1.23079922602003750555181149711636 1.7200716384212089758872473876445
1.2317888902862739751565446423572 1.7053499841997426971880934949916
1.2326759288958121649354287007984 1.6905835072326079730172051046491
1.23346206026450588926077473573831 1.6757804165995842157358945682581
1.23414899914032006498580560879951 1.6609486199568539121383809586452
1.23473845878144555633182880223159 1.6460957419725348349483584242214
1.23523214366695827546278600442159 1.6312291044888510940873478752305
1.23563174954809663271746527617406 1.6163557368655672089694300054196
1.23593897163368255569804575161178 1.601482417638758899575637388441
1.23615548389325361984338654412321 1.5866156028715667624418297208772
1.23628296348387534256991537980186 1.5717615308881455287280394121518
1.2363230647097370244873807027753 1.5569261307071319240489874958399
1.23627745052950823413689782888934 1.5421151512002868545978988386462
1.23614774412986157770174168704043 1.5273339869128714461465058532885
1.23593557038126247580150515233156 1.512587843919184569484944481376
1.23564253974478725154365258369896 1.4978816873126406198551675129696
1.23527025169557355024886732220978 1.483220262123517439008845434139
1.23482028098512949091875143281861 1.4686080520248772832760834701672
1.2342942028480680014871987972055 1.4540493782082606414258868889717
1.23369348832798361732594789175826 1.4395480382118662701593714353101
1.23301982530026745048795133581528 1.4251084414698928203489317441939
1.23227463020418523931405575325586 1.4107339013300081009539932046272
1.23145941125678660435580108907046 1.3964279200218156087860657902432
1.23057569730311625701649070184809 1.3821939382075354357285400151566
1.22962499887740632790085052140321 1.3680352059547849011229076668393
1.22860852761718593471666511947026 1.3539538621371511092292521745705
1.22752778600342746975376625148977 1.3399529164098135424672664862119
1.22638445332207615330972252989149 1.3260358370726097960549568651313
1.22517954429973198046791849504466 1.3122038241962655937727274596449
1.22391492310158972269264621519662 1.2984607332053189903592530847686
1.22259127572506241898371010063869 1.2848065567053644043628812794992
1.2212104874396066444153868590519 1.2712450286379266213636154835793
1.21977358442439519416168400739752 1.2577770808651421065867009465748
1.21828169665119863936803883646921 1.2444039231214064584366817766829
1.2167364089236491312306556032266 1.2311280950947050961963121994348
1.21513925017042047560088460818807 1.2179518675520868926782429321145
1.21349042482754137648456604723079 1.2048734743698964850523589106106
1.21179343860534383632686718812198 1.1919009498124301609030238406405
1.2100465277342642132241140965494 1.1790266176446378877898202156277
1.20825325465020094422842325087305 1.166258502674225750158639399775
1.20641245940295242353399778210308 1.1535907766804994001564994966907
1.20452763266628060945289459452947 1.141031036028886121643060083162
1.20259824918450477195694182648894 1.1285752805622763218172872154399
1.20062816683134720387160077065605 1.1162318740183442121850744335854
1.19861279670200301005797211944308 1.1039855205995021482785463647092
1.1965607237097143292325846355904 1.091857544048804698523039495946
1.1944678595811060963565550460667 1.0798341004474728194664606611073
1.19233498485458934373972357797998 1.0679149264411653924987994728543
1.19016202877193533662089060673206 1.0560974933928829502384964597757
1.18795512249337664778294370628408 1.0443957146859075015111837689999
1.18571395001583340898829459194164 1.0328061349360851330397801880396
1.18344061099030004033358819199115 1.0213316664462002953654453176318
1.18112526924047548734188979676643 1.0099444836216695255778125464876
1.17878212016789546251623647388456 0.9986788494798191055452665100829
1.17640660300804344760902112430765 0.9875205329909112098479860964277
1.17400050277886714470799326201162 0.9764716419601884257686863959442
1.17156423181328267969687921871457 0.9655308019986210023600759846239
1.16909877163487520123708673155902 0.9546980710600661050569523323354
1.16660524230474930509635501475216 0.9439738293553556932577834679153
1.16408338697385120794182638682131 0.9333551190850411117619238409949
1.16153578288149111135525813444397 0.9228458325647269043988750929013
1.15896078488265859002936941627921 0.9124397364697760293846621743554
1.15636177518358678826593866770324 0.9021425764390844495808582720477
1.15373792657506681508735962098181 0.891950116200117967385748682531
1.15109064509574559569783069303062 0.8818633916712486390745108247641
1.14842031729531613728155349248452 0.8718810672062818143860818560379
1.1457276887397818718418912265613 0.8620026527412593943205647699497
1.14301358271965197949304003616433 0.8522278371037907104784979458243
1.14027878927421502674842396567791 0.8425562339343627126646993512443
1.13752530157492457017433970416253 0.8329901010299181312587144155346
1.13474948034638769503688095657088 0.8235193395800394331109397808373
1.13195650104763350396666971235176 0.8141532174795216129086636527055
1.12914509606156181585673178179744 0.8048868831422521669532157277579
1.12631611919484288265029141149409 0.7957201397891762924141051743191
1.1234704376769019874874499387901 0.7866528132001665585212968410132
1.12060842916648382578848048859743 0.7776837032509720109533718126948
1.11773058474740409510104157071442 0.7688118733834039834820539796222
1.11483726704673078517995574189872 0.7600361446234818291564240714241
1.11193000638196710896020787462887 0.7513577340172752229970559937769
1.10901086208639833177931787800218 0.742778866064427921801946490473
1.10607368370064349881216607859883 0.7342853229554537482999071205557
1.1031287268434793758018416105949 0.7258957596061322677094299873908
1.10016472578985558612694939021344 0.7175860544030019981858713477725
1.09719206230722204864286312224741 0.7093749025819741191918068459001
1.09420790814366555391855085579505 0.7012549390692693528126415191696
1.09121728375909380645468992708667 0.693233999547690332618377270152
1.08821239640861672790983875801707 0.6852954267349182632852212345103
1.08519860122337450734043709033904 0.6774477508189928950366580551336
1.08216348141394286617689815150199 0.6696662021541966215666168733237
1.07912511644628726048541649278351 0.661982982452578065309569681422
1.07609578393919033360077766353867 0.6544185871372884986490327611809
1.07304468359934962272621494747008 0.646914874685014224241455713901
1.06998668138686477043763625894172 0.6394975678255313309382056657896
1.06691676176532589723018014675225 0.6321561586347567471973882860766
1.06382660863118201169826100944688 0.6248746727872842686097482183889
1.06075069792872747883994701685682 0.6177124345291788268744597038939
1.05765892679385954317555914870724 0.6106148753006541582305432795992
1.05457329870409323130374194617468 0.6036187472409929767877487198153
1.05147787483438740613004557838658 0.5966949435507850154915547068765
1.04837695723390191865724513101007 0.5898494975613519811382245283702
1.04527951361592008050213105776235 0.5830960355577595689478134181516
1.0421506690042478358051745464938 0.5763749627153504600149813230676
1.03905260362457852227417529793135 0.5697883619611335206636055115614
1.03591010671969353432794221892984 0.5632107503489156535910830296455
1.03281205032873743799014148601878 0.556786237184658302794941905723
1.02969693554419855405592096079954 0.5504129320785933196029523470207
1.02651296204262363308200653282892 0.5440077746156655632733367858123
1.02342333377580262558623740669426 0.5378294684825740921635142607089
1.02025516901154757709051420719661 0.5316026386252241077060282223411
1.01713001779857675387745875242535 0.525517503634211797689668088182
1.01398362557712191898286731210134 0.5194723337840156389284400197231
1.01081166986468274502840881097102 0.5134601249376680461397691869904
1.00775736461874935744455076279069 0.5076970635094793050180353106149
1.00459547394517441109012294256097 0.5018399462120046197195010568681
1.00144592038724512674117152064578 0.4960699053028707299567618235934
0.99833289095993194471689639302667 0.4904209832686319658462994653899
0.99518984056030280700343398243822 0.4847934755406804488236013160467
0.99201340284819009654969421094255 0.4791825317422166354436197681615
0.9888433716592560734341894267998 0.47364549581068234799586599732998
0.98576908326443468903350038199973 0.468308405397415620577303136222
0.98259688765749488598816467070837 0.46289316403312999371883024345014
0.97950392124401978649350592529742 0.45765052731701091149058605088869
0.97627011841438642584509112075908 0.45227088067349447715162973284273
0.97314239219598023062468529498602 0.4470985163066142484860276809804
0.97009777057178472091986554640017 0.44209746185028073167586233819771
0.96688442634648800863686970872786 0.43692259310381464738284569795429
0.96372351537282630316061658277441 0.43187609346660795381768512824443
0.9606012166536121400058204415252 0.42693690215140160256833652718513
0.95756246176880122004430145385627 0.42216233317309941484462938261023
0.9544554467971958014452699313747 0.41734974342728701751152708907735
0.95124373104888290167212266151868 0.41245315724777092181587852903453
0.94797604315981647002084096846733 0.40753807609155564757439768535838
0.94507782479497305643490619089368 0.40314976792083520130985747215503
0.94205961558200593096486129456584 0.39865478843399062605050947209632
0.93868154307912554554006551383479 0.39375417800100061234588575222347
0.93575656045687714369871373740805 0.38947333393548726624348462447239
0.93267926655897217448883220740452 0.38504801079262669597917940644525
0.92940418813483091223656813566359 0.38042632100107310532357402271375
0.92637990894137365233146063697257 0.37616000655006440595171334928286
0.92328425278788895971962591937155 0.37185165812540551543746612719941
0.92020105456039894034884854294329 0.36760323277250295464052446219733
0.91703398839761708401597522771103 0.36329925672805558754544167253841
0.914031854816948706990156390033 0.35923488531356066376070693294485
0.91097088970739649544668794501656 0.35514311295566479884543315950846
0.9079067508754443712395855893145 0.35108961532068908826636007259106
0.90493207852404675411906047240758 0.34718053964675676227779480321309
0.90179729043386711300482017785187 0.3431279328853636962638301526483
0.89880674003615043177262403806489 0.33928034356246343725037669898364
0.89572115453438148802012368277746 0.33536452203721209737929315797082
0.89261526801746091275291517781012 0.33146582764200553814400972920793
0.88958498271290716286869884448133 0.32769027954826837244703955489441
0.88662372730784804925923840043613 0.32402816167416358607010715192146
0.88343280866813066850005991983997 0.32015236630962039668966253063529
0.88049420411353146092696850124105 0.31658834696770107772565947761244
0.87747692929513714074223316256277 0.31297492360937258221003595961653
0.8744244406747189074582724017238 0.3093598139232213130298473340924
0.87159934884386043424817814381323 0.30602001843816374398757191137268
0.86846150184663462557544702924378 0.30238508055305625027037543221539
0.86548104768372847401491350527028 0.29894969304530530608732421564792
0.86248955022008511838616346050049 0.29553634872914448158774905628409
0.85954510596606897963042012390565 0.29220417185050065563353829279071
0.85651380077495703333743833813296 0.28881614891891423465415164747731
0.85357339783734142478483455103161 0.28555241233724587650234796555285
0.8505567584928075239473356758785 0.28224399959735237503949628348775
0.8475831534200479715935404588047 0.27901016435697074526756669239821
0.84468886627826752875271128612161 0.27588507423117489314718615646183
0.84175392863141644611261773297973 0.27274992150125081163600798623238
0.83893274990753509449868881226987 0.26975423695545229391244548348462
0.83586683900607018965265210052587 0.266552059374945528002331385365
0.83310756531110435235629075582714 0.26367204991988728050998647581592
0.83003912201314840564397231172969 0.26052700374999712579702581038935
0.82696967615386103834511023117456 0.25741153799535776513853302338119
0.82438597221652908902060765018326 0.25477636855737341688492294183321
0.82145078021657567301296970690612 0.25184071036978754682883309973057
0.81869445360483568081504273224321 0.24909586131150687179199137327834
0.81553896134213472157566474120625 0.24601434572169846246377557226075
0.81282240606011251519484490404566 0.24335719193991930723918144974886
0.80988323922563266654584560378777 0.24052531929665102616186957495527
0.80700822583633061520116845311941 0.23777666850375548697905295420034
0.80416627135328001917331074903252 0.235082352393423432005178596882
0.80134617721776243899624524010595 0.23243168756184148319277180417568
0.79848554721399518579004471125018 0.22977011208777983498518378523073
0.79565583764634504971805140941166 0.22715941448995401986250222189582
0.79283424349822691788088360164876 0.22457934958125541280276930682757
0.79000165595151127443332619504373 0.22201341132495237637707954899269
0.78721126747243257427378680099173 0.21950608512487568283340421605016
0.78441351367131040283750815842827 0.21701517968353999620163701767873
0.78161024617698530338209877877131 0.2145421472809229338037570668797
0.77882377287297133437252452612628 0.21210510724095484262078310568141
0.77606127311997195385571998019617 0.20970934672484765613656359669351
0.77329244060791823758977141103255 0.20732982923873601174710918176111
0.77055097974517132746669850799605 0.20499337414915205311473188978652
0.76777055816245225328114713420137 0.20264674830847363617531398119749
0.76503207293691563005195219175802 0.20035404326887130447430333438662
0.76229010301889666316871392247797 0.19807888858057664109865107912704
0.75956227409113551754244001480776 0.19583479757693225256901930096955
0.75683922741670662632870284294055 0.19361415150268478877411832143756
0.75412362580817190351513166196038 0.19141871614351783965920291186356
0.75139023776265435013465209225624 0.18922912278281125540972633267526
0.74871782705192772569550022788291 0.18710456212628388239989565513775
0.74601688916432390861498961912804 0.18497722125249531249247599322942
0.74333687683303542418696925463188 0.18288393597294982353015038189283
0.74066709487003142129307353414944 0.18081635353012430523126899442746
0.73798330175172582122066170554539 0.17875652816628134774425442719485
0.73535849861115567760295617329177 0.17675718309930748936763669714623
0.73268747275439453100524997274734 0.17474189978680543300543893225842
0.73004263706184525746818458946132 0.17276271453630189311888178106464
0.72739189628076781382587853601207 0.17079643984039114052799663760385
0.72477083728968077398869667933128 0.16886790605215855224823093333637
0.72214813505416770950568356625624 0.16695476578567189719117306497339
0.7195455903559731078867645888064 0.16507191504417240037463213914687
0.71693811625534382747448013780382 0.16320176754674713824249551530816
0.71435725555698993642463911356564 0.16136564764495325200428974667502
0.7117729333399797765935971318669 0.15954278725925929120629973811941
0.70917004844360048464806836185509 0.15772304142823546926202577456927
0.70660222920320879530275347253184 0.15594208189895176984184264221991
0.70402570258653476085344351963645 0.15417049135248055726331112163298
0.70147193725607118241426668852201 0.15242879972490054473660147919108
0.69893035928531319576362235809051 0.15070970760703790722679389113463
0.69637412683491705680576188075452 0.14899569076864025992471377163906
0.69384032921435131558779086472154 0.14731048084628271770961489855387
0.69131967869824053021353737556913 0.14564776731599422579992040632753
0.68880278814535894192679872264272 0.14400136460597668970206339673928
0.68630619525112297745217161648919 0.14238140706279198768432287131846
0.68380540340892112880534922193901 0.14077237239048915848431350735294
0.6813391202915438881386214325195 0.13919794414478678231830768790338
0.67881471333526890825996110055565 0.13760120074834887167150517907788
0.67635084376960898808053421374567 0.13605447381963537726450714002618
0.67386228305781375106838883220838 0.13450578448027874654562371164814
0.67140773856699422622536459335105 0.13299026772347429773597194018456
0.66894977934419280598011953142593 0.13148529324421044886658015359387
0.66651029990937524889206464420944 0.13000363028380666111226699118041
0.66409305141122847924812425257113 0.12854712067331425832199040359736
0.66165566109194370333808877850167 0.12709096536327767698887499647637
0.6592353526912515363291167281715 0.12565663441033020763578913402835
0.65680761589637329940946096730154 0.12422991155372371001246141577404
0.65443166737033989807524798250133 0.12284415747515566412058390556425
0.65200258134799296688056380441019 0.12143998932763395544385051967627
0.64963348477779684172164208374733 0.12008074470896697190457331615989
0.64726093345245244274969012133294 0.11873066874165239544906341760812
0.64486084554724294058372733421558 0.11737658070695418573571714168186
0.64252204904789265382697531003619 0.11606688872636742356133758071004
0.64015125070098655632651030655745 0.11475058632590737813756203024222
0.63778792914926075566499375789391 0.11344906773371943965456698977349
0.6354465205887897021382747650462 0.11216981505066022419481735138435
0.63311605325330483178392608325326 0.11090672653649458297330273752388
0.6307907525715901211356310876767 0.10965659165801704776534420592808
0.62846934396987314676539369824014 0.10841862322444394151209709261784
0.62616197508819438548189735454571 0.10719792196655514345900545024571
0.62385884021828775315861458854939 0.10598926108244800533153738533901
0.62155605100183773626919031029614 0.10479056214861543728067749189621
0.61927452584635004083121207291531 0.10361225919293745129623494901014
0.61698882123965186702845942745369 0.10244137344631219890362240499169
0.61470826329918693654633253773093 0.10128250371595157757312521880727
0.61243275004560673817402723499594 0.10013548304935938387627748855626
0.61019762786547564143218777205537 0.09901740304526276577756309957152
0.60794634471675256378684710393784 0.09790043768507039938335111282826
0.60570467995929826720575065900752 0.09679707078691252931725958990938
0.60347033099740395025231192731274 0.09570604697411480412188834344445
0.60124389546746717035551540682411 0.09462751552241353358479922489949
0.59902510114311578598611448224845 0.09356121105324417370235084473215
0.59681380444097245297507007451345 0.09250693348647689900557853202817
0.59461012562456397468709386883244 0.09146460805953821561937315089208
0.59241404793154605649087595574532 0.09043409705382982313140112275042
0.59022554233750431747486786038225 0.08941525889347271337343411235929
0.58804442617975484758212155812159 0.08840788456673031278824601455188
0.58587109727118793864057491009763 0.08741202881904713097161647677045
0.58370518615772694677269424002083 0.08642740154870158196964005795619
0.58154679555595792010503236270503 0.08545392721138737370932198921635
0.57939593646702217934163856758068 0.08449149011237818403667142066766
0.57725247332992108797106524510683 0.08353991212510280915878759530298
0.57511664811935139029529856899 0.08259918090516638624370676968744
0.57298807722783501890319951744338 0.08166901473719920180677843971205
0.57086700441876439283612981683729 0.08074940441786225287707313888435
0.56875321616193248242065159658766 0.07984014625689768458370021645016
0.56664678938675465896072226837225 0.07894116193892812040603004574798
0.56454813475320154232442797891234 0.07805251179861523596738770515272
0.56245645114507278387049169449176 0.07717375340703513265283622539431
0.56037234540621412649359616414002 0.0763050307355741384460555239936
0.55829542390797689976023078053492 0.07544607575035579035003015361325
0.55622581533641621248027165156092 0.07459683658421860785802825073862
0.55416332749366969783708169880323 0.07375713278697253530832052176557
0.55210841299363639149742937222406 0.07292704286501942703397155013467
0.55006056687103553475441652120769 0.07210626438408362720298553290114
0.54801995480193052868788346741752 0.07129476378954736023687187980718
0.54598641299390954516587751673482 0.07049237899411434437736010487195
0.54396032673342160693339378065969 0.06969916194480259430560887741014
0.54194143319676976085298014945018 0.06891491387059957668880937991725
0.53992948776829166825672086712261 0.06813944698103204013868771127406
0.53792474693162531998916473150256 0.06737276557388482900036483296982
0.53592714423510685092650043274435 0.06661475156833071245792360893105
0.53393665140822556809472178175227 0.06586530274362506914702928653898
0.53195321853455029487944991842298 0.06512431020523990686744814851145
0.52997683048001352770604331417891 0.06439167923556560127074369825642
0.52800751396566094122435265550079 0.06366733135089105268792645094704
0.5260451952806980679944922853497 0.06295115263274539402720768423337
0.52408984173132317365994028478404 0.06224304548241766685390407911332
0.52214153860264027615777147917048 0.06154295525609014141887533639224
0.5202002338810972085619245018339 0.06085077908737557432854058391716
0.51826574543801723813675524836818 0.06016637021674738176279662271142
0.51633828680468652401882845597068 0.0594897214135138655282748551679
0.51441770456407369310809318884417 0.05882069816372753483720132827899
0.51250398775860213172238795629251 0.05815921688104244615304149417424
0.51059702407606411267157776383348 0.05750516065744704636195280044733
0.50869707074477102677675864212437 0.05685853844472761554328938974077
0.50680388656413110237125791745967 0.05621919149632005245332442253348
0.50491747566716037015427200216175 0.05558704531557033141170426053632
0.50303787836715985217659435287821 0.05496203798526352455681322269008
0.50116514615784950378526198614143 0.05434411157962782853502900850127
0.49929892066457321478426034939956 0.05373307609011500788654211972945
0.49743960180753751755007557931558 0.05312898871663759945238540100942
0.49558695407384590253666994041145 0.05253170142404308575576128716881
0.49374106336145745922691680300512 0.05194117060915686217881787666644
0.49190160873294665530683961976448 0.05135722512424940112666696430987
0.4900690281430816234689555357585 0.05077993346215307521436956635059
0.48824308959062398982794723539092 0.05020915398109156305934962759844
0.48642355309300309713986500241865 0.04964474545517117573898571353934
0.48461079803393645966209556457577 0.04908675775188184371435263199792
0.48280442559566794793971051180725 0.04853500320546832483627874879324
0.4810046147913972769443122597389 0.0479894713956191616080893307882
0.47921176672344078473217763258263 0.04745021687796512590564808679569
0.47742531082181180514924381296715 0.04691700478657696650443891409648
0.47564695507252016561200256266722 0.04639027267886101242932451567624
0.47387191870218221538199950212884 0.04586855939973657708932486229721
0.47209873096907640161514330228984 0.045351400381042321146383194244571
0.47034463988624556801375045703368 0.044843698065488255228394540941134
0.46859032622681159582509586655337 0.044339826107001926989081018332178
0.46684000439379861035308505886439 0.043840955353322287272526582517784
0.46509942570678157923828750721698 0.043348650547912766123692904238108
0.46336456289407264575320040598427 0.042861714727545673711405858575578
0.4616363308708971009961298197207 0.042380346621996454362740563620647
0.45991164759804137710929607266793 0.041903645336871659163280490026349
0.45819683290553227506716950197972 0.041433286464869206554951197664541
0.45648071530717589539654905541561 0.040966184940935064034972516301311
0.45478665656449551129892489431726 0.040508574713007725366879869782538
0.45308508307969334594973894743451 0.04005246326389979418127289660997
0.45140744082085576292324630686267 0.039606156767203412089731544225074
0.44970731395461811287247450775788 0.039157371875874474649770199841838
0.44802708423534668260381539117949 0.038717214225408802378381514082693
0.44636959263252162277682266295638 0.038286282257131599569349751665556
0.44468649446581127128621491621179 0.037852082773895340068337946818289
0.44302069983639877728475067341841 0.037425624770370676537859897872606
0.44136460207048259278423185331912 0.037004880266977605768556725410429
0.43972180223140439631883214884967 0.036590678373460306551119414313759
0.43808116363575135170410822317363 0.036180170547775280283487599890573
0.4364371456977466994729180586322 0.035771968373284042280803609167856
0.43481381854726407411149215348147 0.035371950924320122188937856030882
0.43319157284292873461792090915049 0.034975240601479264867044434055411
0.43157032991633554498867998879943 0.034581799258919318158126788657905
0.42995167592548473630453614139068 0.034191986610079281773616870493754
0.42835148835309856618876625086224 0.033809534913874679600000312726548
0.42674150853440225565796998767486 0.03342769134237227548685532243322
0.42514930853465902231194706930518 0.03305292597951336866109390809328
0.42356488170578524143107723213804 0.03268281587653692527224434237759
0.42198167186110496479697777384986 0.032315801790555055315933529913619
0.42040194884990783527712492763144 0.031952382792085342597714703336953
0.41883356218198150108736462279653 0.031594305098494547678120227596965
0.41725398427962081605949269908754 0.031236439132573128808193610699922
0.41570772660079147378337888193651 0.030888751666668977951046279389277
0.41414880441773095563023636557126 0.030540889773761693261825661395829
0.41259456921361454332432488925888 0.030196715447188155299662649770533
0.41105448834195766394655512866706 0.02985825694235187443590980590018
0.40952660810219332213116611050002 0.029525010749024746561904531358128
0.40799147407540359543915708244639 0.029192730328067250416693994534588
0.40646497519529007747384803337226 0.028864825208163697817568336226145
0.40495758045916156501428158050711 0.028543456619129233937879129674381
0.40342974549944773292316205908624 0.028220224037435232312005615048195
0.40191745215111068617421254311333 0.027902708498160694906121098520963
0.40041817216010960958786221967146 0.027590303431208387773520527216374
0.39891320537083030788968492542987 0.027279101383223163278947060113115
0.39742084726255017768703923332411 0.026972843867293565025818641480989
0.39591648353632500438050117697916 0.026666488856671274580892187845483
0.39445785368637092295739263631525 0.02637166100263252212412774212187
0.39297679771684413987842001773117 0.02607457611256628682943561436726
0.39151122624924931455447366185101 0.025782815430957032656143664628357
0.39004132307758745141903684607274 0.025492414837091666697716152287875
0.38857809559314808870098653876512 0.025205526363533345500859748524284
0.38711866071590312884592364873239 0.024921554487155073160905067709762
0.38568380404662423969635283134405 0.024644457736594295730821760132155
0.38423254516056083425156632595636 0.024366324333042074019424490065031
0.38279553481421383914555781267806 0.024093003622270788080383153868767
0.38136050710280670333496118373223 0.023822127284580285718478588771284
0.37993259953286339110352528616726 0.02355463384318952161889495063423
0.37851456789742234782609736429934 0.023290993529728347547010784971577
0.37710299953100269079639581803276 0.023030531591843189792479721948585
0.37568441628235447502377998456806 0.022770762272700537625420280347742
0.3742792601944643684533181226182 0.02251539544775717387261095753597
0.37287748670878702510545848277555 0.022262569030536833129806319170525
0.37148169749306943136537082616601 0.022012723869851055003866329579193
0.37009572477314127266129071897988 0.021766504196979521226924987105127
0.36870973594475471690980678082714 0.021522141355229165035901725876236
0.36732674639309634627769325305156 0.021280151880314063443666103107518
0.36595057786442596276221156922694 0.021041175607392883577767489013629
0.36458221606627615517652489143811 0.020805347165038385504496279545773
0.36321759872431778384114585974973 0.020571938747178626431871547636922
0.36185883941407960526648702167203 0.020341285150594329381224513148608
0.36050237959312191884594163385463 0.020112761270943293493117942707929
0.35914867227509500861664907548827 0.019886426564471057337548503298228
0.35780686716676029813029808644713 0.019663772095638638359011075563905
0.35646911771430617542899725473445 0.019443462646162295923455829906245
0.3551383498543783122453150427199 0.019225951639664685085677006355157
0.35380164072661267334130289186016 0.019009123762928080374839665069578
0.35247223667088714188444813737784 0.018795113098729988036518735856039
0.35115561572935279109565774363587 0.018584756220975155936204855363606
0.34984000513574322238381622749331 0.018376145579962414090921634312413
0.34852962041405374424474709177802 0.018169930490665734348805476860037
0.34722393478259842102541855558638 0.017966004356765511679780653916889
0.34591961741377946800201094818423 0.017763831275489943786971634353299
0.34462744769893572950187481155287 0.017565048437624035578857322184497
0.34333640543671020107593497527647 0.017367935372797756478880321315506
0.34204836133043871424175417172204 0.01717276397437123989017257788487
0.34076976584126515381696762074379 0.016980482308226682018717466825314
0.33949151455786499699067495460558 0.016789701784397552492886231261128
0.33821929494332640626465122434758 0.016601252936992635991957074172373
0.33695102048563601398230766822171 0.016414804977863080462110713060803
0.33568639785959531868718449011695 0.016230296632254240607947124218324
0.33443065061574996375005814019026 0.016048462263485983593298231658446
0.33317513518103707813871083178317 0.015868032449460443177324151705296
0.33192892979766556330058075490535 0.015690288334007712412979937882042
0.33068586851720636911366691570138 0.01551432684552092671759920289498
0.32944687068230295492949888321923 0.015340261093605451899872949118297
0.32821309841735610611548504118779 0.015168234101228506591528924232461
0.32698107301720872554623230584166 0.014997745611246682107648022644411
0.32575606339473309318209798172464 0.014829504598893760016353491320222
0.32453472654088731554694660864795 0.014663031172973331278937660986368
0.32331621893081358985541724744167 0.014498195575810082010455286512897
0.32210393398379897326485034799492 0.014335437287306951133765606094178
0.32089694042500138862910182359376 0.014174609182651653344194502895559
0.31969710648388396975047961405635 0.014015936279892242467915031979109
0.31849857210242925121796816322819 0.013858627596870843759881375965359
0.31730518651345006899889909069577 0.013703173287512457695457737617459
0.3161157816131629346869771751482 0.013549403400706802669881474699858
0.31493071477073644330536453267446 0.013397347359942944361966019688021
0.3137496942871982922452373786712 0.013246951138649903858181509473243
0.31257403142286160194207544603657 0.013098363480380072677378974801835
0.31140620321771208583252339975335 0.012951873779040706671485260321725
0.31023376793549778462605543359362 0.012805914842061194243692851789155
0.30907172905170301288792052973192 0.012662339233473403863226096568636
0.30791286206178879584902205284181 0.012520232458048183294524149900789
0.30675847908051159433706295666352 0.012379740388000123945077868619782
0.30560899620190360223223933974034 0.012240896554800835699614759556177
0.30446263728699982879083142808968 0.012103471687836353947107847125299
0.30332113096086851206207415738929 0.011967657878955433642414659440988
0.30218455780841058529735526697959 0.011833447560702404191015883591984
0.30105120222376427383945622877853 0.011700623607158900275364269674293
0.29991929698038072133297233786061 0.011568969082682609115724775730889
0.29879834204208355409464949692429 0.011439567358975010361590182162263
0.29767798514109458523582728114749 0.011311206084241831215746014396933
0.29656146405287646588858577260769 0.011184246247370131019152857747635
0.29544669896207411992241351593523 0.01105844072647023045051547927656
0.29434141104284738482736764029986 0.010934641812729931146554699807797
0.29323828035410392038196453129734 0.010812012292641538790177675823483
0.29213767428082686114328339912835 0.010690583492557215657971737079711
0.2910446919459110433665907577176 0.010570901150323858798494596904429
0.28995104035279085020567815816516 0.010452046127778925164321180021339
0.28886448369232277745330966640227 0.010334849895354796939602866394687
0.28778397137964666128501275754337 0.010219179853399508778963827533352
0.28670152084460286061938201889845 0.010104174062047765510747687729685
0.28562687968440259106025276238364 0.009990856631411733258653355909429
0.2845548338917391859878729190061 0.009878662640549685055245842499587
0.28348875064708267991006401742845 0.009767930725511143165288942988591
0.28242731000745415865324183493485 0.00965850827880203957468523407507
0.28136658865408496261350046336792 0.009549981839205882408356749596988
0.28031082067854260892216888844986 0.009442774456872698394482778187798
0.27926047162820446499287267953472 0.009336918342228398411274915223388
0.2782127697946690902380977862586 0.009232122173590738103679670422604
0.27716853177289464615353584438336 0.009128457599251596302861939574468
0.27613012994769492314726110716326 0.009026146472734049606491125975184
0.27509486960155546451490424166958 0.008924910584359001347198409863148
0.27406127507850670107415145219232 0.008824597513348988978568756955425
0.27303388857857539072176306913157 0.008725636147345600748269049040366
0.27201387023532736662299716808687 0.008628120522347098751520312097241
0.27099025134290472808526081172869 0.008530996042394644876783041150424
0.26997394958986936030686091282428 0.00843529091823376302741353722682
0.2689612770284743790125281031048 0.008340643725714022255867074014521
0.26795240527392954926711922769796 0.008247059908025291168636036176054
0.26694583752983740169727358856023 0.008154391624263413176711548181816
0.26594669263874528428096953932644 0.008063096960877218863963826862293
0.26494920935815809524513336470234 0.007972637912757042396117118318715
0.26395483947951791075933125348214 0.007883138531033076367914497569249
0.26296508528964907508623549477243 0.007794723482183087509359938257759
0.26197898948872435248351557824601 0.007707296416315029295546057795337
0.26099452373933411627098841824626 0.00762066981130815915626348657997
0.26001717246460402965906486944029 0.007535314713752035593062149552441
0.25904091251964931107607386124901 0.007450694931370505129253468166941
0.25807020019189108618678685833265 0.007367187511100753991238690856154
0.2571016079439966515992490287006 0.007284487943884611355792311831952
0.2561376256470685056339988417771 0.007202799798430647360242386787276
0.25517668140107788148331028456542 0.007121980290215066680921896723118
0.25421759840607764535879136820307 0.007041923523482359866588837353788
0.25326595321756754956197342763676 0.006963083605396302342607007863779
0.25231580729891819583900626494784 0.006884958249102340711136488785439
0.25136833171522056438388341051712 0.006807637561477933332679427770135
0.25042571059454779464357472347824 0.006731290507093552086452439202457
0.24948825294343470981518407504258 0.006655930748710595397706918505032
0.24855119896895892378510507665368 0.006581168678603720080584817313618
0.24761671389831384437728500971514 0.006507172107218494932365435387885
0.2466876571026331719604492539708 0.006434158025704159524878290473615
0.24576376933592238682580518359199 0.006362094570022354578379663944752
0.24484169709764188714766752192023 0.006290712102158724851181878083934
0.24392218523983972797891253676896 0.006220062375249182794671782398228
0.24300865878712507110002593876934 0.006150398959249220108020811156689
0.24209523895920034578601340608192 0.006081266552116175393455707138943
0.24118934924930748930524621643413 0.006013218193241875697554683977462
0.24028409120382983035677647467036 0.005945727094230109445983520876178
0.23938183176264075388560691068048 0.005878964635128827272562684330404
0.23848304086442880508209490080043 0.005812958245848464577102490183373
0.2375896960416240977670959920426 0.005747843796097901302713174183009
0.2366972778982542234345132553189 0.005683284929224025686581198532617
0.23580984990562320137856332309266 0.005619568774776376283714197223577
0.23492494205429061485355515690624 0.005556510160924406974019427608636
0.23404344307622495526193692850038 0.005494165811335147568254714008042
0.2331660282073624239785108720507 0.005432575692213958836354484849886
0.23229149945716641381251967186054 0.005371648465344698380304606454128
0.23142008811333948123934460897824 0.005311393772751437920779675024903
0.23055091396566397999948536946089 0.005251744871489780669048451185788
0.22968592331204768433085608981919 0.005192828585604740117513165407621
0.22882415569479446643332123069643 0.005134572141209532939749882393952
0.22796561364229746906632877376676 0.005076969120621402952436818045981
0.22711039687404834427464765895499 0.005020019601890983472372092557759
0.22625825849901412216031600075573 0.004963700708393866267690944618741
0.22540930913056506550514044740535 0.004908013460762018867790889490815
0.22456368309964094568311148388319 0.004852960252268222313306375225809
0.22372112080923867498060417662062 0.004798517921153987332616907661077
0.22288171228559500651253283321927 0.004744686190941248069144705640312
0.22204538734254579968167639961724 0.004691454507996572119113686246524
0.22121238014968823891704568351093 0.004638831650989705135571158543974
0.22038239995107487946689705112654 0.004586793231421676844302689944586
0.21955547939371817131602955112075 0.0045353355012159582545909810102862
0.21873174846518435365775979502947 0.0044844606869178935916415778812587
0.21791099728655184664904149929127 0.0044341500767276735354936951910417
0.21709344308285914314583040639788 0.0043844112712029760827601019895565
0.21627886723746867620959121125144 0.0043352253138638317201654588133818
0.21546734068147637641113913188601 0.0042865909738958980937109165180199
0.21465891484589703715820179999569 0.0042385057841650197989895206434529
0.21385348686959956230861316575158 0.0041909581618983089293109499293684
0.21305103922738373308011890869629 0.0041439417326220670673187302888078
0.21225164467684009186804593867231 0.0040974554263609661059168549582996
0.21145525711107971466669922385712 0.0040514912590500720507525776132463
0.2106618245614530100276930104302 0.0040060410373536749520646132116894
0.20987139967319394046188929580631 0.0039611026247417658888203609052625
0.20908391631605214364523955269009 0.0039166671636570395154799311443161
0.20829936625091714810378346543222 0.0038727291808418398459987057186439
0.20751783213381234108179978675771 0.0038292882910261781451770822452382
0.2067391619735523841037263766229 0.003786331121399041755339154493591
0.20596343040715923661839120092752 0.0037438569511717444937642448367127
0.20519060074532879140242461675901 0.00370185895236113641816466520146
0.20442062271873456754222538172126 0.0036603296682837997123273420775946
0.20365359150338732835277859586344 0.0036192695179541358556131841411622
0.2028894115632392837868333982765 0.0035786687158067573504281982118805
0.2021281533084027664562189274404 0.0035385263837582316585080817881535
0.20136969526973508534869518287023 0.0034988315697298472434656576731529
0.20061409286583038415474925658039 0.0034595827023403218065865335956037
0.1998612769594549401801373488493 0.0034207717659261699533552040093252
0.19911136699763931931954768342673 0.0033824004999261498059399879475433
0.19836421925783735785197850970077 0.0033444571865952852638726343233561
0.19761986067273528245822657228724 0.0033069389315996902331443365082676
0.19687831757062376395642918257856 0.0032698428056163489301727547487203
0.19613954616062202920856676232273 0.0032331624083579005799063178666938
0.19540355345713041834849649377961 0.0031968939341376956999991150582457
0.19467031085996444889239700673253 0.0031610318671676125528784698531066
0.19393984408014302269709683654314 0.0031255733943130600210533487723404
0.19321206424835878705853232183121 0.0030905102012223214513736894911221
0.19248705676771184485132222892459 0.0030558424359163706485204152910207
0.19176475695266357289725038891971 0.0030215630627004004391507876191854
0.19104515611426577624811689463553 0.0029876677986741747866730509541579
0.19032825941784243807279879840225 0.0029541530510443722812486008175915
0.18961406674050459402059099330397 0.0029210150078433999128410747833696
0.18890253791073874929539234491939 0.0028882480525940077878538042878277
0.1881936758392358271709813935755 0.002855848617465227004961789796131
0.18748747464671705833060724615369 0.0028238127647559156558003871016847
0.18678391993107132035635711476605 0.0027921362136269205110078658061889
0.18608301459469687447820856641219 0.0027608155036356285231022372781182
0.18538472968183866604749091534794 0.0027298457935110611324888264071957
0.18468906473223066300240661256157 0.0026992235599605046660534490119322
0.18399600661823085042904329394882 0.0026689447586871686046296786136862
0.18330555053071551749704403315998 0.0026390057512309092816967584039796
0.18261768825139131986462898267331 0.0026094027882717190106871925667303
0.18193239711121145174858027242453 0.0025801315450312647747538054623366
0.18124967830221836895586771724169 0.0025511887617072117604967830447575
0.18056952062165089908901280073044 0.0025225706855065175969032232241907
0.17989191561116275990827324354136 0.0024942737196905070270913663068006
0.1792168514831942661313536326808 0.0024662941681100775531518371806337
0.17854431878811401711342939376704 0.0024386284721942409228894565261407
0.17787430974370216800703147996608 0.0024112731796437435838345319902775
0.17720681074773410973348629301617 0.0023842246392851763872238346551469
0.1765418205454448520514892838934 0.0023574797373301367050316698554598
0.17587931442319458847038302273812 0.002331034454679167334474067423089
0.17521929855723126359073571457463 0.0023048860464307929468910687724022
0.17456176096261265134467182956558 0.0022790310743034289484619417655556
0.17390669556191180278985533548683 0.0022534663689011081532106107830304
0.17325407397140538473702154665049 0.0022281879321268352953768337037152
0.17260391413788505968001511122037 0.0022031935974687018799386493996587
0.17195617896947315696868356090682 0.0021784791100788553770851830082509
0.17131088983291343792175954264064 0.0021540424866807272267967337688278
0.1706680034714983802329921301151 0.0021298793239378016129514323774072
0.17002753838670176123999365817956 0.002105987585547788315683426034908
0.16938947664148550754959003756971 0.0020823638937086253391010370849281
0.1687538050613817687216141840629 0.0020590050878178910228244804168819
0.16812052222797340012700009017764 0.0020359084714923228728144918079496
0.16748960407362135879978952337576 0.0020130705555926202986668505952306
0.16686107106652423379971565034374 0.0019904894930045345444273526571347
0.16623488376622297696815671065643 0.0019681613085431345641546522328961
0.16561104966843894025234964309815 0.0019460837455239385410729648924849
0.16498954858162483385277867106561 0.0019242535918733894994090125655851
0.16437038290413906473835196398987 0.0019026684623848492775193074450497
0.16375355348537336140423963224479 0.0018813259368200658502276331996959
0.16313901908425463493380758695019 0.0018602221749779933159372502025264
0.16252679266908527779496701812867 0.0018393552400684062421150638243516
0.16191686512042585021770282988125 0.0018187224578229392581359789610694
0.16130922635196876411368658507385 0.0017983211508879754691227907527422
0.16070388699065712482231333110514 0.0017781493593893152811142533058379
0.16010077870245419580682258379169 0.0017582025310369324482505766632964
0.15949996272962093539835074591374 0.0017384804375538785507203777063283
0.15890139292671718031418119155007 0.0017189793241971186239793600595025
0.15830506720683825450809086118437 0.0016996969194938431527427648097878
0.15771098596181381629160888064691 0.0016806310518385576889074843696245
0.15711911569762994733741246723999 0.0016617784925331161993231032742063
0.15652948319928489594241205587002 0.0016431379613882432540830782897565
0.15594203993342050741246666246134 0.0016247058166668053609998771310789
0.15535683681712408146797831433684 0.0016064815652779465552650930299983
0.15477381398898822888178086944321 0.0015884612734199859740407579214478
0.15419296131134723759263760486278 0.0015706425998686720246892266962972
0.15361430921365644379895193428329 0.0015530244601841098341979424301922
0.15303782102194837110658719747986 0.0015356037391904470720641743644144
0.1524634940514144531157736815485 0.0015183783873935200291179082380028
0.1518913306506734306657566763301 0.0015013465235818366393865900013361
0.1513212974542471263043792836593 0.0014845052298522354874751400332049
0.15075341126242966985163290977622 0.0014678530995003775102424471185752
0.15018765563934810556603840289095 0.0014513877635233723766971388332065
0.14962401703455779786724933872598 0.0014351069662639993559267275078458
0.14906249386199859536203154704713 0.0014190088212149090142101167542342
0.14850309462801943941177462309922 0.0014030917448375483357126672804365
0.14794577673968611697344068320266 0.001387352724257605566090166056913
0.14739056052149021885437199885534 0.0013717905546789071507245982178985
0.14683742270715819401995626054195 0.0013564028212080013323320382397124
0.14628635972840020799244013154274 0.0013411876850727804212611280054057
0.14573736496093310709849179170091 0.0013261432417155646710356620525053
0.14519043087670540625443091648111 0.0013112675820835355259761047766243
0.14464554581146141734380857806393 0.001296558706427303248001404650621
0.14410270841032017324057273511347 0.0012820149138101073355469404640281
0.14356190583992005170971795214112 0.0012676342143796039574018614849694
0.1430231335008571439839979754571 0.0012534148589137224166899860908999
0.14248638236969857919890401613221 0.0012393550001311092567819170177057
0.14195164610819089492769746976559 0.0012254528809795999901254415007222
0.14141891435114369366387596576157 0.0012117066592803944929522437075488
0.14088818142529300296462558109834 0.0011981146338641211690472285827358
0.14035944214102872721738525298382 0.0011846751332956523364237319164463
0.13983268541326951299283806273283 0.001171386354935695921323531294135
0.13930790257480799521615711065533 0.0011582465776941307603354256777599
0.13878509460898324023643396012757 0.0011452543385842312357834713515676
0.13826424490657375557837625333438 0.0011324077541939133896620783681219
0.13774534759759522522259712044868 0.0011197052277245383153273405199112
0.13722839921399416945138243427492 0.001107145237077277425608247912061
0.13671339422012348128739965487339 0.0010947262251498868907214093740215
0.136200318547733023396988717483982 0.0010824464474309134871947144109842
0.135689168187664807461079308993614 0.0010703044194201054110119086788033
0.135179935639548187165445049809774 0.0010582985891977329549198981085545
0.1346726141241046250806682702789 0.0010464274385612589766918685220651
0.134167196086591557008589208436157 0.0010346894475972158301340938586328
0.133663674509957107959371914626059 0.0010230831253468495737686048167099
0.13316204247704021285948943021841 0.0010116069991953175496335013924349
0.13266229268820397972840956395777 0.0010002596037133483256305401089829
0.132164418090518137854552834273077 0.0009890394949485846979014999662082
0.131668411785217813107191277156445 0.0009779452479937779671542921224527
0.131174266618222464213594045076369 0.0009669754476443699977837763676547
0.130681975848773834767157485752164 0.0009561287031326988347271667828253
0.130191532231842823623332476329193 0.0009454036276415110162205285609747
0.129702928893891083004812895248362 0.0009347988575024100358941507887023
0.129216159233437749037430293226995 0.0009243130496067545568348236819702
0.12873121593023520534953175601002 0.0009139448599341734503839561370445
0.128248092516237829149091114683536 0.0009036929771931412612193595676816
0.127766781949729872339373518392092 0.0008935560920775836959638516020726
0.127287277445841311786670012731144 0.0008835329148735575962641919053003
0.126809572343545106169005474119687 0.0008736221723649075375358342764296
0.126333659720164905506666280652313 0.0008638225996888531740051740597776
0.125859533049776923516568869719694 0.0008541329538042543770526619766203
0.125387185579617497520872265722642 0.0008445520004480825984654610280892
0.12491661063491774926897009114574 0.0008350785202870902794870085645144
0.124447801326599067204247383815848 0.0008257113029054605604528609449006
0.123980751503486053274862678851273 0.0008164491656440509625348925456453
0.123515454198984843100277781594814 0.0008072909224615116058902015080871
0.12305190283013817913633641455391 0.0007982354077440868800305854666529
0.122590091168010129979406460904049 0.0007892814753211465298525768962633
0.122130012351830775960378596035345 0.0007804279791817894039830769559643
0.121671660020295912449489591303102 0.0007716737953321394216184698262534
0.121215027722539054223565599671545 0.0007630178101875978085468129538956
0.120760108985357636860600334839489 0.0007544589217748131052945899803846
0.120306897384014148832881547009569 0.0007459960409431789630121298856681
0.119855386621996001047546810184634 0.0007376280926832924955346061350223
0.119405569858652561885249247565937 0.0007293540035982352519375486024032
0.118957441425381036995101801770623 0.0007211727333746020556550029706961
0.118510994502759981636018715030892 0.0007130832319313821447234927201184
0.118066222996960593101846247297455 0.0007050844737089110835119210474413
0.117623120546365379218575831454267 0.0006971754393988341996439843387378
0.117181681062280032910874803248565 0.000689355125555332967919671036139
0.116741897660045388321573350016376 0.0006816225255794860197667677626147
0.116303765028084255339567140852207 0.0006739766713203911601790761819538
0.115867276713537173921745988381698 0.0006664165850988615738566410816564
0.115432425969754509612120736547708 0.0006589412948607315537445915729175
0.11499920739693253535195794633282 0.0006515498621434295397187975169034
0.114567614244294567960904482987159 0.0006442413355950750862151680889995
0.114137640929302656158412229667902 0.0006370147939128308355140581383113
0.11370928134572026156072315197701 0.0006298693168843256909141052550216
0.113282529076731144522002445985731 0.0006228039891322601635420126884553
0.112857378015389582684715824865705 0.0006158179103626233332438296918054
0.112433822853243498498894522407309 0.0006089102030110383797645803070094
0.112011857027485044235485880084747 0.0006020799785540295741356165082101
0.111591474907755325638698728145155 0.0005953263731760977959008274859023
0.111172669888814667234974341958846 0.0005886485168113561707877146587219
0.11075543688151776224306830207604 0.0005820455729047990131957176796307
0.110339769751735440697682137778466 0.0005755166973415195488228690376428
0.109925662159175688592081431952749 0.0005690610520014634827717809760869
0.109513108707082063976238602182977 0.0005626778225074757864998142575282
0.109102103750193720555887152916759 0.0005563661993489055007599863856636
0.108692640988150015548397156856873 0.0005501253717645638181758951485941
0.10828471485691254253322247849214 0.000543954548997725763802258171603
0.107878319723553849944124742660628 0.0005378529477446303149141762078475
0.107473449470455442823997434459063 0.0005318197859355877538371730022341
0.107070098725830988979981232368849 0.0005258543010508268599905127594622
0.106668261523776792654499279151178 0.0005199557300257973490157885645974
0.106267932563240992838214802514333 0.0005141233277688534301460815593189
0.105869105808939908646391338180663 0.0005083563465602375118798198431934
0.105471775783222725415242936981656 0.0005026540548401066318595590866676
0.105075936892379815530558726927613 0.0004970157272658455380918348182582
0.10468158347922724563465150792659 0.0004914406454356227929073226242033
0.104288710154281553007314526380514 0.0004859281024722921444957775153405
0.103897311057742548051567059162779 0.0004804773925652988987299577396106
0.103507380719579856617523490238145 0.0004750878229825382231164241656188
0.103118914158163403492299985687536 0.0004697587151383573268583590445464
0.102731905250605799174945164479281 0.0004644893821630724620585266954568
0.102346348168583167334289290970037 0.0004592791487422613705384329609006
0.101962238656906564353013405414152 0.00045412736797350956923106617599446
0.101579570592337505723910804199279 0.00044903337486699701282581442250083
0.101198338353053392369412396964162 0.00044399651839809705991237016668867
0.100818536921943847987309263759625 0.00043901616253287825595099516098596
0.100440160727371833677048985225855 0.00043409167082933885365642628969505
0.100063204628126883796343353236449 0.00042922241931471950736199248187314
0.099687663352710159755925261796173 0.00042440778904577022990339798694734
0.099313531216429127181262379750988 0.00041964716251797577429362430841438
0.098940803504383284958089356339067 0.00041493994119486357231639123028329
0.098569474199417338145518131555677 0.00041028551660948570863552159785344
0.098199538387189191054571176342826 0.00040568330071962128875112803241803
0.097830990984249437309186752815088 0.00040113270967931008184948689110545
0.097463826782637427282278995314213 0.00039663316439901108330726459311389
0.097098040499132632034851553534669 0.00039218409113649930340943218900494
0.096733626829201221107369408774428 0.00038778492211668851638655658475145
0.096370581264313054069646850646211 0.0003834351052340162353937562555439
0.096008897511990253928417504413955 0.00037913407306917364322251147320929
0.095648571334373270591989015361931 0.00037488128875890792837611122874937
0.09528959758439184717871982986159 0.00037067621043458211858218899733039
0.094931971405296768566332765519465 0.00036651830545962994396203274512009
0.094575686661936533219474593167836 0.00036240703221028704570999967165733
0.094220739247592394317397370590171 0.0003583418782995223867654517561924
0.093867123902144043339226830169367 0.00035432232361327488676023124529337
0.093514835905915758132640776985005 0.00035034785978663231120219677266532
0.093163869858734541822401969225381 0.00034641797629840525280298007553541
0.092814220578153431911785909187536 0.00034253217064634012937065238187913
0.092465883628270250459746180655482 0.0003386899540100701513432344935346
0.092118854514881639292779130338719 0.00033489084210994497403630811297319
0.091773127325039793167140346654478 0.00033113434045372559348518736713793
0.091428697532880699168675951679056 0.00032741997500585111334845006296909
0.091085560713715840065818981920121 0.00032374727785857755592336926630037
0.090743711622688616766186332453279 0.00032011577739089918132248614792458
0.090403145183713295811358220459504 0.00031652500893256092457239166863335
0.090063857068660316592745787496161 0.00031297452068246059614045026660048
0.089725842263094022534625156155662 0.00030946385852428977356983238614739
0.089389095587559129169083158326465 0.00030599257159898523531548404285134
0.089053613346085969499328419022299 0.00030256022912028065076306971432693
0.088719389696163764401665071550437 0.00029916638303496709577967535875141
0.088386420393264886642350318249495 0.00029581060639108108120926138816547
0.088054700732970277935112708090591 0.00029249247217575822553060100569125
0.087724226135300471335164863930317 0.00028921155922193124722661899004497
0.08739499220942164493432139797071 0.00028596745275087155472683334701202
0.087066993643905481084623771738742 0.00028275973344509804298759726221609
0.086740225381140665286398068783288 0.00027958798909688065019186632897149
0.086414683912372318623781929314984 0.00027645182689679722760987009132459
0.0860903649812136404235459763848 0.00027335085095473070173824580273991
0.08576726168580809214241887186544 0.00027028464458612843347020196779918
0.085445371987047347526419715008978 0.00026725284165964568044804509140203
0.085124690066312435467200317877499 0.00026425504434655173405856397157437
0.084805212006062023346348341491941 0.00026129087691749765001106832470713
0.084486932644578883680894077843054 0.00025835995618084262403165035590336
0.084169847571486392053104081567036 0.00025546191004164638073035194467468
0.083853953241279834137821738103106 0.00025259637822692721661472777927535
0.083539242867447720866254610007047 0.00024976297512551404892699711480675
0.08322571480270927975228708934077 0.00024696136544393887733082621530261
0.082913362821672015642333351223694 0.00024419117658375183592262807141833
0.082602183191547076553384416103071 0.00024145206213666341038299310063735
0.082292172673752197468368067104681 0.00023874368362469901288349735224121
0.081983324791111880130147314481171 0.00023606567805872291117580685482742
0.081675635826698204649532165237681 0.00023341771038608354435040113739436
0.081369101944703441908820120592113 0.00023079944805662553283386455424029
0.081063718428279413796090480293566 0.00022821055458965034187591899768852
0.080759480469829162887153115742117 0.00022565069644292137258581462434363
0.080456384043862302718211339610978 0.00022311955026480381329256831213716
0.080154426022674718421431887682518 0.00022061680356749579192103463892115
0.079853601726310073732902994722937 0.00021814213433611932193801496146623
0.079553904843363669361061924811432 0.00021569521083136233685700503145374
0.079255333539843189496105301583254 0.00021327574136702146937800585419881
0.078957882787188357967177805859957 0.00021088341144003462816486931395794
0.078661548711398472991517240098859 0.00020851791925289105691273103323847
0.078366325951721307439210511786159 0.00020617895448475196059407763936982
0.078072211363246462084311852358412 0.00020386622770473547247556224012736
0.077779200409864035942080188898665 0.00020157944163849243550027068757779
0.077487290997669279543613088596991 0.00019931832112736432320274231706017
0.077196474799709973985443498204234 0.00019708254594452795475452060390851
0.076906750895589560936964594587872 0.00019487185624412838261648020154526
0.076618115170248926792671454014233 0.00019268597041959247356049270153519
0.076330562172303618351721676295131 0.00019052459990478890732329167832138
0.076044086109854537251928051468566 0.00018838745691905855576265657289101
0.075758688400032813770319480973064 0.00018627431021432741242911161628604
0.075474360823618007700052599503544 0.00018418485971869258513091072226278
0.075191099207487421795311716531214 0.00018211883859278919219585332436683
0.074908901556520335829067256943005 0.00018007599860943011169530910442019
0.074627763687055863290119529617877 0.00017805607828076338694347136416764
0.074347679089184632831032345287219 0.00017605880244631545402497207019884
0.074068647078739052925389260791229 0.00017408394034221457186445887400083
0.073790662484399851197194338559733 0.00017213123185335956303105510283137
0.073513720214871376187071253607357 0.00017020042039726852286814848134101
0.073237817801458652514090343242374 0.00016829127039865337733021309663254
0.072962950602904199994818078028831 0.00016640353377200483185814558402703
0.072689115524241878710628738489471 0.00016453697571106901060074999423493
0.072416308576800410403202016293916 0.00016269135782090358340505106008251
0.072144524846779708043403052336604 0.00016086643811015893232048560587033
0.071873759815249485548910705602575 0.00015906197996036375497699555354853
0.071604012179720487755587926720643 0.00015727777059090984300507877084946
0.071335278586263615899680405025454 0.0001555135857845869777384019865758
0.071067550663965415379143920034159 0.00015376917112477240345274265493559
0.070800829060717857446144197487167 0.00015204433361796740035469493474126
0.070535108134156669906964187045359 0.00015033884158621344686834171748497
0.070270384392975450918624759178298 0.00014865247973712113079492069722919
0.070006653700443017097844365945198 0.00014698503100736023902082234540656
0.069743914334984266587374855041661 0.00014533629582575877695139223630474
0.069482159421406326208599037257843 0.00014370604456053323085492284804611
0.069221386072652150817766653633692 0.00014209407499846918675367800390512
0.068961594155002881680563367277001 0.00014050020384372476985526597834469
0.068702775069380620181549548420555 0.00013892419801127402742872527796538
0.068444929431301500812437433439794 0.00013736588298949336847149161387333
0.068188050934793169017662219330672 0.00013582504429726420467963615638756
0.067932136150120669179509152449143 0.0001343014871364070902099710328499
0.067677181305924034218917059780041 0.00013279501677988024002904795351554
0.067423184082910370141608666242689 0.00013130544910601738364463183205054
0.067170138349141478504246551517834 0.00012983257973064400674812019156845
0.066918043073835752455083427235235 0.00012837623611975568890273343168079
0.066666895322384274500365761652332 0.00012693623644740808684848932661459
0.066416688236284391664060262351746 0.00012551237853851489736472640629687
0.066167420396253164450494938755946 0.00012410449336890326352634349717879
0.065919090437246132333407908467141 0.0001227124138147647441623136756282
0.065671691105283576270467049936868 0.00012133594168612463527070266318442
0.065425218938505535506467896199136 0.00011997490219554400391001914674426
0.065179672571619016940421933102211 0.0001186291338877066435453059709273
0.064935048760715552530801396502244 0.00011729846664930838099925717788637
0.064691344388384602638690931166754 0.00011598273286279350384753951012649
0.064448550030525160666965523489826 0.00011468173302054148273481849385009
0.064206669252215261206650683602646 0.00011339533920415130847912953896273
0.063965697395725694535550609258003 0.0001121233809244769780308724830339
0.063725627734645286123959100319092 0.00011086567886404737698092824322277
0.063486462883556454180186662944093 0.00010962210436340798360869637136558
0.063248194509320162309815696855264 0.00010839247327064077487842347096386
0.063010816752138566511516284751012 0.00010717661653473749915943636274543
0.062774331327400053867803972161864 0.00010597440553976811536474701179055
0.06253873342044778739755580175403 0.0001047856797420372582024863402975
0.062304021182715610036989060020562 0.00010361029527307633928783961130906
0.062070190931695649433157057105424 0.00010244810059675373059819928469011
0.06183723703656541059690635850491 0.0001012989362750334987853136420866
0.061605154421730235823812601820479 0.00010016264752073260872120275059781
0.061373946667865789033333176162875 0.00009903912329155704197413548852695
0.061143605053904719983562861380991 0.00009792819399958326368673989112605
0.06091412963176770383959439776716 0.00009682973423048619331807361216957
0.060685510376582359593398787761384 0.00009574357192779198476153818449123
0.060457754878401973560807342204998 0.00009466962025908243136108908617073
0.060230852197643686534445508310212 0.00009360770596045201004311550778042
0.060004803727539457829607999269607 0.00009255771540319374363293780828246
0.059779597341892662017901515704842 0.00009151947368509824159632207364883
0.05955523975509889650435157583158 0.00009049289446511352940480317147453
0.059331724133390323247741299325593 0.0000894778301722571684875450387497
0.059109044700344971641001375044969 0.00008847413989736526592637566775803
0.058887206444086475797841842243531 0.00008748173245421106151679432369176
0.058666196843142293927766168502042 0.00008650043949490658394995092148011
0.058446020720475587796445299777452 0.00008553017143468114183686862643777
0.058226664856225147790860484690949 0.00008457076036829050232037253451739
0.058008137402091636925476114740525 0.00008362213347592771807099656943544
0.057790428148579144911756774387606 0.00008268413897843005220512534148673
0.057573535177731433640460844845682 0.00008175666264770356660364522150886
0.05735745844251615993447360034166 0.00008083959930540552987651563998492
0.057142192682082588687188528176855 0.0000799328227850836166011843646853
0.056927727022228243569937746152042 0.00007903618508203823789554841209133
0.056714074597414942501937250192387 0.00007814963966513920692606711384176
0.056501221139279625250693856000794 0.0000772730267912528441018814779435
0.056289169274276895984791478512906 0.00007640625812979718220006036596225
0.056077908430263834484746830014254 0.00007554919251974692775974077039428
0.055867445832332062124422523533254 0.00007470176230482280241531339167292
0.055657767286955897965534755176756 0.00007386381449871893990701444275588
0.05544888096897381291330145601321 0.00007303528701494299419750173153476
0.055240781452048529152788013282908 0.00007221606425009954893227043955453
0.055033457151436549268032916807377 0.00007140600806636302003665316695227
0.054826911591551530751989486493148 0.00007060504083644843810643977873705
0.054621142610934580168245100322158 0.00006981306349014440856773166315194
0.054416141914771484192746363747953 0.00006902995463091528549254570148373
0.054211912857006949641866871721702 0.00006825563856674511687349553742605
0.054008448251642330341648606413114 0.00006749000045696744346716407730568
0.053805757807532447324005071084405 0.00006673298987365150759166547457231
0.053603816858606709744289813778662 0.0000659844290927613704377597285728
0.053402636587273401850065224319575 0.00006524427525033405075065606051624
0.05320220766072809103370107205379 0.00006451241032628905086880827406468
0.053002543819968532895028995073401 0.00006378880133768178499332146278185
0.052803617355192978935065956257961 0.00006307326597257821086142003986051
0.052605438838155065796258080832973 0.00006236576175550239647743298984775
0.052408002262226942559120759588325 0.00006166618723268760835816646573858
0.052211315887772724442588026893093 0.00006097449224885638602829157177657
0.052015365263463014801355847340008 0.00006029054747346191357783566225856
0.051820139088102313940473357068475 0.00005961423662615636785811761603557
0.051625657715675319960111055062235 0.00005894555367729647872880324670801
0.051431901338291302287843976102413 0.00005828435460332549152845668631847
0.051238876521070408544430314779337 0.00005763058704104787953122730087705
0.051046571112649417245302769751938 0.00005698413590944916674295801934741
0.050854988793109069272460454308519 0.00005634494059884090456295441529554
0.050664125983311597468935131413355 0.0000557129167976145460590101379716
0.050473977474970026721991544134283 0.00005508797582660811201718433863779
0.050284548957399054977675361606241 0.00005447006553677873900936532373929
0.050095825863374626338558262602534 0.00005385906848569185809082114337687
0.049907817371098587112246009077982 0.00005325494525077504191790725425423
0.049720505382231449732227241622933 0.00005265756944372896937954246736066
0.049533902924116267010688678478741 0.00005206691513624898924113726565781
0.049347995139282429001438541827184 0.00005148286845685016497900895844712
0.049162785708313062526439737732781 0.00005090537508494605541649804584126
0.048978270139707295341319530089851 0.00005033435571479561901532294008895
0.048794456677819699450054742432805 0.00004976977097991044367795621359535
0.048611323538303122997884821806962 0.0000492114901041798682513862472361
0.04842888329168634806950461049109 0.00004865948839957442083903364509886
0.048247117826106996402698878601276 0.00004811364877397095854510218316931
0.048066052538666263417550804205831 0.0000475739854834350080586357952928
0.047885650801156878601067460164157 0.00004704032824474236251943286982072
0.047705935645273179138883899061361 0.00004651268504689367626046007992848
0.047526890053355716893760472820907 0.00004599094608910049591402795236224
0.04734851912695857490313248317055 0.000045475067297255871427890846307784
0.047170818691204048118797535896661 0.000044964978122927758934417893394614
0.046993774537796492927299906871323 0.00004446058039373239002339275461257
0.046817404619177260045757998980278 0.000043961868232207566985146926471928
0.046641700582616297988002169484768 0.000043468761170382656458315792980638
0.046466643351601005752194224934436 0.000042981150168260910352131986888857
0.046292256442451672008125133984438 0.000042499045555920055388497197495534
0.046118508619249100002522596171142 0.000042022306509159328468805909751275
0.045945430578306579342952724636442 0.00004155096326231398691425895448415
0.045772987450640306365772094472632 0.000041084867445368894414008878316349
0.045601198591768584844706268400267 0.000040624018887649285719591706457674
0.045430054019145549180653282805599 0.000040168338480184888288585355687255
0.045259551791582721883227965572883 0.000039717769524920919867288888165267
0.045089678484890412539871602144771 0.000039272225907901661887693857759497
0.044920459663666181924380056289151 0.000038831724109520636588246584622928
0.044751879568744375888133085001845 0.000038396172674944099461909327964814
0.044583920149384790385921534155294 0.000037965475946904907707397392469111
0.044416593316436031683565138031888 0.000037539616037786023864547029660702
0.044249899587364875942155531662927 0.000037118545884746408001590049601052
0.044083816001750783544255703673589 0.000036702160155215745868170079577402
0.043918362199341665671296260713131 0.000036290461246027048111469004981373
0.043753534882534676597713779130768 0.000035883394045515206701271525197819
0.043589329333107657987162472698097 0.000035480900615278846259120481655602
0.04342573931323642819791181357289 0.000035082920073122171944311834474928
0.043262744889484768630714660381449 0.00003468935943275092546058593688634
0.043100385072563271387416684769772 0.00003430026825217151872973486421175
0.042938612848154336797167673592761 0.000033915489816288529748922373624799
0.042777465766283020081067264841642 0.000033535070020088193933939983493104
0.042616918184767730323410934046924 0.000033158904958753323504464218453507
0.042456980915496087213435594695591 0.000032786977353252454666540414035782
0.042297637671223073557046004805066 0.000032419207218690230447676044654986
0.042138883464783939441636536080532 0.00003205554184258562763756137044759
0.041980739371749388745656406214525 0.00003169598823348559530718319867835
0.041823170736709109467655247974124 0.000031340427023113579554712382920997
0.041666210567170461047932129664804 0.000030988892504041147958073903141307
0.041509835101757627833173609467641 0.000030641291372829739101528811211613
0.041354047236087659397295732750446 0.000030297590841970640687461927212089
0.041198848925490238548912915538839 0.000029957756211165747087345244587458
0.041044210767531015171219977198316 0.0000296216850885643724183930605685
0.040890177417768163453007927828986 0.00002928943646087824074215721785442
0.040736701308278311559154269083196 0.000028960870051108897302735277774037
0.040583826204516426952822467401246 0.000028636042293324876689268175215482
0.040431516673752033793844346879282 0.000028314840753134847852279254800888
0.040279766736315738214186182295148 0.000027997216971351978914024204180356
0.040128585650683625423641762175774 0.000027683154700445236414554381994348
0.039977982207996240620603217999329 0.000027372636453946612395535335367427
0.039827947385405591115945934000223 0.000027065608186941979066535707301935
0.039678470463685656718923752709516 0.000026762013277399282224703536844996
0.039529556775856154705450726329357 0.000026461828286262668644298482676243
0.039381192780849422195635167338833 0.000026164992120246085376338712324994
0.039233381408052686800875594557516 0.000025871477366648518248269487113537
0.039086143455507163039415288357046 0.000025581291801056491023377365038351
0.038939442866575584106288727499378 0.000025294331457933599769575575056853
0.038793317575007699772461816060809 0.000025010637875532907650160225052158
0.038647708549863279444919122400075 0.000024730064519045627735130091394768
0.038502671813658366084129638905737 0.000024452687745276585517150960421315
0.038358164401538122296126592938459 0.000024178393774776241432064236540521
0.038214180760797687761761840242913 0.000023907141761122955720501142682692
0.038070776949585706004969452166285 0.000023639006189586914444301168052516
0.037927883614878658430679787979009 0.00002337382680204629222146396421748
0.037785534228673408409533438207079 0.000023111636144102542474542263966891
0.037643741411632580883803531201309 0.00002285242718221575153089178917175
0.037502450325884653043771104408246 0.000022596070513651272041663819880261
0.037361715370660023173838036977321 0.00002234263594206111304419238555745
0.037221500921494589647119777263955 0.000022092030278045433686647291755874
0.037081767962780277231541699105486 0.000021844156498251179012629729605422
0.036942593481500888819312772168537 0.000021599123349713261772116095919685
0.036803961346115275006383362675533 0.000021356873636332095965151206577554
0.03666582859208335588505068379432 0.000021117304895726482243772460639468
0.036528223732926438471684910763219 0.00002088043970955490614299727729821
0.036391150651095390336897982037122 0.00002064625748824849911648788981312
0.03625456060017537230512022668371 0.00002041464877151139178705812355285
0.036118506065002890489940626532339 0.000020185676525947675085305358201606
0.035982934852147784316578910272989 0.000019959227093728538532723185373054
0.035847899252902228282411303767554 0.000019735362217932574255328620466163
0.035713343329290902286954625640029 0.000019513963843306565423362528262249
0.035579290844397407029918045571509 0.00001929504656020200303500704407854
0.035445766189697495140522584427012 0.000019078625011639036284631034990456
0.035312736257542363743187347038305 0.000018864620718048137570842546151148
0.035180223837495877776251336696309 0.000018653045922868020492380166424687
0.035048192210750257989053286619092 0.000018443818037056174029766519313777
0.034916631772583386024457598823995 0.000018236898905883404334281051022324
0.034785624396811924840523684697098 0.000018032393280377120235181350653794
0.034655035760057455911988138532887 0.000017830068579080716903114150139314
0.034524977977450673511197516391154 0.000017630076190205724619479056386841
0.034395406877836099411606846480542 0.000017432324882329488608063544522796
0.034266340575387365869565202108644 0.000017236819642310118183566599413662
0.034137730153458043106603165194167 0.000017043464429559682203662876655219
0.034009590904011761450856395145921 0.000016852261044626331935984805209924
0.033881938217743704397446879622126 0.000016663210922889434256955593405946
0.033754787589270873443783686687253 0.000016476315148437137724553290931703
0.033628118703984668393415787400166 0.000016291522264591552530053351013312
0.033501908945337178127650885073453 0.000016108778569028065305827057749659
0.033376170369761307448897919117545 0.000015928081156916591593252909250055
0.033250914930153452301020069197197 0.000015749426625820656207050985134122
0.033126116148723110430538452382115 0.000015572757036504852515106534861258
0.033001783821400266454685913928161 0.000015398066519192819332585812582771
0.032877927492920894642390561067636 0.000015225348606732598132717377384787
0.032754556431960082857261276501507 0.000015054596220130176944509104466826
0.032631597857780275090915060783624 0.000014885689780390921477705548385968
0.032509139456967820094288313904307 0.000014718730824297207944322495551916
0.032387147182963830178874371744918 0.000014553653349709861456357645122948
0.032265583806136397691465850142795 0.000014390388648486669972028129109566
0.032144495991224236467665547042538 0.000014228981075374126451915900203842
0.032023843960519116679684534702658 0.00001406935933802676585530095786519
0.031903629495874809146486300293494 0.000013911508244368055124376941403593
0.031783899396879967047163658115099 0.000013755471125226659258849859754199
0.031664609634543250695395696765201 0.000013601172591551936894336288705307
0.031545759663222409468599223804273 0.000013448594731994014814086054248112
0.031427348043421966386206256399521 0.000013297718665109827557279343882681
0.031309421264049145032795364828649 0.000013148586090140801409297403941319
0.031191928675676813879970507421845 0.000013001115627559073507824930233938
0.031074865865568392817228893786827 0.000012855285338179976477415308805184
0.030958227297734752553813846528267 0.000012711072200808778587571611586661
0.030842058373225180494186339510297 0.000012568515805710748767309549354106
0.030726300661536838335223018468014 0.000012427528224620764284855617152642
0.03061094486262593811143725661997 0.000012288082970672797231086632400971
0.030496089768139001616580294259039 0.000012150283215140000517382181404276
0.030381672924656358588278430200003 0.00001201403742463290111136156667659
0.030267626837029720148465765268114 0.000011879250508727931591542767591264
0.030154051182417553468149897860265 0.000011746025249458791163648091614143
0.030040876188302262238758835931629 0.000011614264508077143301049507882675
0.029928145357823730783894257055285 0.000011484004113219695863514248994139
0.029815783565866680797753356481773 0.000011355142972083749079153160433937
0.029703893929130086679701250585896 0.000011227784817477164810527904268978
0.029592398566402456212506107722834 0.000011101826271554472992701529962047
0.029481340316489544412124225671151 0.000010977301573959365942633820931872
0.029370699663993167112646549236865 0.00001085417451048644963762977713952
0.029260520436442236314176903436722 0.00001073247934208769404371266479544
0.029150648927999876807908549466106 0.000010612033271245694954605950864495
0.029041190982614153501693281254204 0.000010492940002071670235826523447902
0.028932189988276150985374685601366 0.000010375232684395820228589617222317
0.028823621557996894364837180898555 0.000010258870816520562606027142597419
0.028715458827468416166735013711096 0.000010143812181325590616667124311083
0.028607672352889208162781678787329 0.000010030012821414455076124625975902
0.028500303307933263788334510791649 9.917503537109696596927698613361e-6
0.028393320294765954890457108596304 9.806238746373610369251786141262e-6
0.028286840573251296132944521813125 9.696326826936130730034180436042e-6
0.028180603331781323568627109398429 9.587486764776130909192517995373e-6
0.028074877573448441576751280842318 9.479982367800367614598515592613e-6
0.02796947213156842948396227762083 9.373606666380419323277964019757e-6
0.027864505751604189981869753834332 9.268467847614754634477934809772e-6
0.027759939993901779852663407571421 9.164514946497692374586714696207e-6
0.027655733051117788869141286619998 9.061694943850858818813548834435e-6
0.027552009362945659967697145869312 8.960118347472530004243998153584e-6
0.027448555753311065394227590232767 8.859565197180858711276394339277e-6
0.027345582577918900754337960269144 8.760228884204532405132951746225e-6
0.027242956946109415507531892184733 8.661969390693255698171364393281e-6
0.027140717520719750649158218308306 8.564813033907281998414354444868e-6
0.02703881275469249443612012586181 8.468700352755032627688989991485e-6
0.02693737410195753466385731536099 8.373744093575058062959077587942e-6
0.026836255691702004937153431332265 8.279796715917587068370886440352e-6
0.026735494511810677303380162387103 8.186882827190633617927078676517e-6
0.026635227593106424706401236990688 8.095117303621764053885932982278e-6
0.026535200841093781215060241762746 8.004257413508683117886711313502e-6
0.026435650022105687926525742430352 7.914507414174480174013356900762e-6
0.026336413270894378200062317363196 7.825710800125240615733122185496e-6
0.026237631713607331515201505644776 7.737983579538746274622015545314e-6
0.026139135459471397848214644553036 7.651164973317179195731640164347e-6
0.026041067507972021943491387751567 7.565371480925739226766876748678e-6
0.025943249462705422507322312853739 7.480437910800570227994202213635e-6
0.025845937897718662709061742632496 7.39657723396653264818365828684e-6
0.025748950871493086133441189362272 7.313622205369309459049279903008e-6
0.025652324730648367559446997411536 7.231594957539252252753245077798e-6
0.025555980094037108454697089141543 7.15041962918121622424766388559e-6
0.025460189814154874681019152184952 7.070315878330558710656130567121e-6
0.025364516068883808065057457001624 6.990908979613732764363990640343e-6
0.025269354566727858753770472279574 6.912519234363861916339197614331e-6
0.025174499944417209836502245547817 6.834967638966883795455950656438e-6
0.02508011463171262204637930297009 6.758377647927054016877822625623e-6
0.024985982646923111308947014640051 6.682565220815983992212647604685e-6
0.024892136199498899177061934677763 6.607549260137893340647053548358e-6
0.02479874280630365417836378707909 6.533454888675990234637824850735e-6
0.02470557261679772584677168597697 6.460091598013203299939324207016e-6
0.024612932478220560721235253755213 6.3876922412882712719772946356e-6
0.024520587220498697379624397687609 6.316063708885005933323287799604e-6
0.024428427982176780034672171096556 6.24511532644021020684570941361e-6
0.024336918443661808518690067730202 6.175194799453204381813120675516e-6
0.024245520226917171239573002542134 6.105882222337057566151615924559e-6
0.024154557596351837289104417290644 6.037416872494121375308620481936e-6
0.024063918852039735631886497931793 5.969706290278824311825055486717e-6
0.023973638980377342252892180979998 5.902768946771547642078539462618e-6
0.023883597324647058762385309653106 5.83650849353786517732791564264e-6
0.023793984385599349869895798370319 5.771057708878497928464863501669e-6
0.02370467766125335675858050332268 5.706319212071618353058777882168e-6
0.023615545823667316134130738353563 5.642192033364367562908538116153e-6
0.023526951940736189886310754969801 5.578929786726397001607835005244e-6
0.023438599994867772531463568524161 5.516313014544727653972506531346e-6
0.023350693889121612928067301673173 5.454478960932642779660250197556e-6
0.023262921532751104068405962490202 5.393201744092868047424058158127e-6
0.023175666236684042471522245812719 5.332742112244388926967421526337e-6
0.023088607741230447664049724546297 5.272870858238192862184148470185e-6
0.023002144109948085684440039930568 5.213853910165318397475470623344e-6
0.022915758604660279306021536430782 5.155331708212731712806552823125e-6
0.022829664260321821651324966997889 5.097444099537156347773227175372e-6
0.022744087857698011322900753347374 5.040335792179800763855821105098e-6
0.022658677979194794626450940992554 4.983765500785351145176894414007e-6
0.022573661437419381944768725258297 4.927877673554431572620922903328e-6
0.022488871495432133557995407307394 4.872556519903787551679932727876e-6
0.022404544472013590447635311227509 4.817949589484479833914646812878e-6
0.022320299443444587150241988873475 4.763804678954623006836837603336e-6
0.022236586489939643853730519640572 4.710405077716970701024585557986e-6
0.022153231815429459481716312063275 4.657632004973100606462196455432e-6
0.022070049279426881490637749046392 4.605362333800505932795347382894e-6
0.021987064794850956286439020497564 4.55360824321491440283824753781e-6
0.021904762732829681056031694160203 4.5026641626319246184238936754059e-6
0.021822497122097909788783752946774 4.4521237782794471243008486449375e-6
0.021740523053039051163873002505599 4.4021401079985242375966997787034e-6
0.021658872154611415982788842417219 4.3527267908623316497492804335181e-6
0.021577821439505203966457737686001 4.3040437739763401238653709938296e-6
0.021496673860525338580387374404412 4.255667585288066580618059104946e-6
0.021416197413374734689030859598826 4.2080508490101065657787925338807e-6
0.021335673915371274977309759487696 4.1607631069312937072842932373288e-6
0.021255638431954864083711982844349 4.1141143258941129609517200302338e-6
0.02117586734407204713362769643124 4.0679678982761502903556091298601e-6
0.02109639041808503665313853781514 4.0223360948981170617148884983325e-6
0.021017238861394608160713636693938 3.9772315315679230816941717694086e-6
0.02093844534427929907778420434465 3.9326671603080468368288485379855e-6
0.020859761723530151758426669603182 3.8884983881968631212846671307081e-6
0.020781496819193422973319831235539 3.8448939762457474870205347094613e-6
0.020703396154783187977766405251011 3.8017072424942415683203916772387e-6
0.020625780631537250400382889750778 3.7591103635886724855127799428685e-6
0.020548389261205380575523233089586 3.7169545067134676642230275977957e-6
0.020471249303990981265440339715976 3.6752504086615229598499854188357e-6
0.020394389325475241031261303137214 3.6340090922224420176754362297486e-6
0.020317839306785125687262293459455 3.5932419062567436011884619093452e-6
0.020241630603049581644861016343727 3.5529604841954496704137480270305e-6
0.020165796059287499353268921109541 3.5131767868509889597114335848897e-6
0.020090037985638361468912722705114 3.473730851289824128869380554508e-6
0.020014375895257210333359096056128 3.4346307065585157226003030650558e-6
0.01993951661344181586471627056774 3.3962352775360236598040762553279e-6
0.01986481823168472045018331496043 3.3582086674589279923987533618868e-6
0.019789949892232204792453715676744 3.320381422469598884832547050123e-6
0.019715999313916581110615326098824 3.2832977915918343254070795186346e-6
0.019641929328036483813463959315557 3.2464320981048501112107445826548e-6
0.019568121426799362621177092377333 3.209972376929720619026962244769e-6
0.019494604087388441408474221492818 3.173928579272032988276426259466e-6
0.019421791471460132753597180545883 3.1384972436721046784696934980569e-6
0.019348561754095082351501896230058 3.1031298909104624921281401095457e-6
0.019276100626161680563922405258455 3.0683962623202362048414481971555e-6
0.019203654353925458743361957393543 3.0339298311718494507659232277389e-6
0.019131648933648881457137605269062 2.9999298504478682011695640612439e-6
0.019059704398711330566760439428655 2.9662132652679064574738755458204e-6
0.018988262543447320489527694176883 2.9329831912409543997943009526076e-6
0.018916932565802301472122861516919 2.900053683681537303578758520953e-6
0.018845734942559241378288351707999 2.8674319902063099217357271896545e-6
0.018775136056708077123479118501332 2.8353270983264996763751146844238e-6
0.018704728183645133338962819658326 2.8035486332844708256983152860969e-6
0.018634535497166600819582397015289 2.7721045428296504527766952653956e-6
0.018564583347783740022527219255348 2.7410029922001894194404845875827e-6
0.018494898173059368903731294918009 2.710252310733219872238274980146e-6
0.01842550787465186953629180447702 2.6798611445662481985831376153428e-6
0.018356441551025593197698448841276 2.6498383235973440645468856428388e-6
0.018287231208917674304478864298323 2.6199786768635424125955254470052e-6
0.018218897431769108048448325526839 2.5907181154566759331151493897096e-6
0.018150468215999235209553930082137 2.5616358196170365495448064179452e-6
0.018082476367712820809341641693727 2.532955778038612429649256690534e-6
0.018014425868550471118485061668519 2.5044661449524544723441762305818e-6
0.017946868665507369695478053317668 2.4763951396853992094702426473452e-6
0.017879293922039847753241429249332 2.448527469291998773633885984986e-6
0.017812273311715662479922608112561 2.4210956074307626750520190014471e-6
0.017745848377680537019655057092999 2.3941104833154853144195249445819e-6
0.017678908805287283697578842169239 2.3671198935806017514254521981024e-6
0.017612615465069124941743021036003 2.3405905561324951379627849726734e-6
0.01754641855644429565579788473724 2.3142983366312341247874582499243e-6
0.017480336620192829892852890485103 2.2882489052941709360953994271846e-6
0.017415004834328535173485342682873 2.2626880665658739627478529315044e-6
0.017349848478052544619481607273911 2.2373861593687401629855590525503e-6
0.01728488959571536198819605950378 2.2123494051264392123609243810347e-6
0.017219505325143138910837078095929 2.1873380171812009385562576978709e-6
0.017155001890176218105828876479465 2.16284899346842614359633212754e-6
0.017090769120450933993452583370164 2.1386450453831108750607163569837e-6
0.017026833624545548918332380439632 2.1147331104684117153006593714562e-6
0.016962533800895358225627580280481 2.0908653527270753060329828988346e-6
0.01689926695898962830271101312654 2.0675569819122267745962302634183e-6
0.016835672758048503834197467693553 2.0443032284932604251502542082793e-6
0.016772472212777244261088697203115 2.0213668113955460304096456211434e-6
0.016709698076434108614647116868053 1.9987556112880282646490370213401e-6
0.016646636680257067594624968798273 1.9762113555203723875118779029762e-6
0.016584047140675283523891191944001 1.9540040440827505702186678471985e-6
0.016521966073593988633004221114289 1.9321421086915787860190152453234e-6
0.016460431678904471220732054154997 1.9106342070249243586137551177727e-6
0.016398685602071525377810810820674 1.8892133510615409163010063398475e-6
0.016336730037362296631337828422373 1.8678813442801802291275698638234e-6
0.016275392224596077333374496208126 1.8469208231149407415106998542561e-6
0.016213877627769670242598105823357 1.8260579671846832315522253980389e-6
0.016153894028191411334940966910874 1.8058662255896249620338540198046e-6
0.016092932708635750241746427419294 1.7854984313069250682691098394891e-6
0.016031837589556796060501768403363 1.765240165913865633189891351367e-6
0.015972403635014354034712216476019 1.7456803234674869624924184793342e-6
0.015912907762354741350922412077686 1.7262453557636619236754689805161e-6
0.01585243535211957184059865912895 1.7066397593029991848602920718618e-6
0.015793767232291843695941820381224 1.6877615398512123921943532721353e-6
0.015734142506807110200974190151624 1.6687186690097677068544296384344e-6
0.0156744957032255881403930669722 1.6498126075368557362511369667404e-6
0.015615824408735785559513003098593 1.631355597605730667972575397178e-6
0.015557187403981618534533519102676 1.6130474260836173952101209700515e-6
0.015498598620498777633085933760786 1.5948916339718001942793398664435e-6
0.015441107749457975530737558493221 1.5772090015979653194688891938679e-6
0.015382677273504403032847791870366 1.5593717872138453472837015036248e-6
0.01532541099222484931467035182516 1.5420209594080194893200307126731e-6
0.015267205330044941669530330905165 1.5245178925350831620076437839258e-6
0.015210234821171773983560879305918 1.5075150030405522527420000344082e-6
0.015153450258847449986199312387366 1.4906938834155526882754431606013e-6
0.015096872403639670374563781225082 1.474058908038363918003626751983e-6
0.015039363681223066518656304638157 1.457277537807658566125902393035e-6
0.014983247130301315993739186352617 1.4410256602367675742918863051001e-6
0.014926207928577111267727334581768 1.42463086038552490793043994208e-6
0.014870647588012440120954765788555 1.4087811465469321615479604351297e-6
0.014815413567015179300491972521421 1.3931414806828536665688085129561e-6
0.014760533143710225230483589870576 1.3777170048696098597878591600808e-6
0.014704756958205364771257447236771 1.3621578528567333535166656572297e-6
0.014649351135899503197201152831639 1.3468184359403364556648297452423e-6
0.01459302527754875581811927853522 1.3313427882407386313278795793292e-6
0.014539772531807484744247319589744 1.3168209354253762437408760762957e-6
0.014485663829466128451321621895185 1.3021742184663846936735192928765e-6
0.01443066791317126791945222834423 1.2873990474868994829269631475734e-6
0.014376160932649349283095324994784 1.2728659328428762820903855804986e-6
0.014322179084239133787026143762922 1.258581040583185123875293346878e-6
0.014268759598481806318808441099084 1.2445505715817302056502360391071e-6
0.014214462238358991622277967104179 1.2303967858143095501186692231689e-6
0.014160758331202783206126347351222 1.2165036575246603644974502605542e-6
0.014107689093732081944391515062412 1.2028778445801046599521539636058e-6
0.014055297192740783602242889600771 1.1895261245595867044852732066148e-6
0.014003626575656452231113690422626 1.1764553504537328401984104875161e-6
0.0139495148917586550934999959597 1.1628700894121345580322560959229e-6
0.013897744474567231143472947414361 1.1499709054589466796093033594659e-6
0.013845127358002712300926545483644 1.1369588607118648923493251489048e-6
0.013793317647808993818449052002121 1.1242427578217378227367864997747e-6
0.013740653556641429867105478605032 1.111414491056103283547468609871e-6
0.01369058527280247066023969589633 1.0993093687498461415576454418415e-6
0.0136379443558122200516180356542733 1.0866773818753730082287374469076e-6
0.0135880085159446284935503254862934 1.0747843064391665379346824340109e-6
0.0135372671387706372433259678192271 1.0627885889690912878899252589114e-6
0.0134856909208124383798473637361774 1.0506873191272940590005776552393e-6
0.0134351365574554261312495593189634 1.0389152957260211917343844200143e-6
0.0133856657178346056335498902215268 1.0274810254474470391861129600135e-6
0.0133353922026302487338592550417215 1.0159474964224726924750756978457e-6
0.0132842865271347054770636077117221 1.0043118521150178863999232389329e-6
0.0132363464913301070062465361488175 9.934780287703426787775975360485e-7
0.0131855983271344526514336140980346 9.820947968697472009903625738748e-7
0.0131360735779025255614452844449024 9.710701448323785782604051360746e-7
0.0130857290364300713054529417337856 9.599478817972137224920477090355e-7
0.0130366841524578726919140006763698 9.491947254247815693161111471484e-7
0.0129890141236809852399225523273519 9.388202575235222424650590804662e-7
0.012938355861393940833112582718018 9.278786049284752052479425732503e-7
0.0128913424490020120927804785791197 9.178005650596010523035764251427e-7
0.0128435767483715886807686345587747 9.076362663580558191902578272706e-7
0.0127926996138875506995345039805274 8.968927053931544291806662258078e-7
0.0127456768308276067499355514625656 8.870387512018162648183422291396e-7
0.0126978927425266571431389224227931 8.770994684613471700177642301154e-7
0.0126517670463657945210301285795411 8.675758314629082250902520130013e-7
0.0126049033637314869859425835843425 8.57970679162798579103501595626e-7
0.0125572750763162680909534299735827 8.482817203422477721147625672788e-7
0.0125088533829843515594053990474556 8.385064183065838504040814964779e-7
0.0124622210313430185480953633537164 8.291636101838047442883031036759e-7
0.0124148228917628906208912262137916 8.197387586683731763274038868282e-7
0.012369328902525547113509976438321 8.10759969401630792473159234685e-7
0.0123231002939781343479257872038356 8.017036003265119601320300352437e-7
0.012276110429578064396074176725625 7.92567471490470827591320950219e-7
0.0122283306186400390174906561124103 7.833491950407595935197598555327e-7
0.0121854919522847811233717096482633 7.751452431432348278216044585352e-7
0.0121390686369630382371725406337478 7.663196919869747315696140863176e-7
0.0120918657001062147018183600923541 7.574148741312035680484741411425e-7
0.0120468783574518423082887563515419 7.48992484417011402206316773651e-7
0.0120011536005448611588161046296616 7.404962564080369756650283781915e-7
0.0119577873348994870964589488926383 7.324978607572359464138518556258e-7
0.0119137311921033254351713407510912 7.244314152096143980989970620002e-7
0.0118657338179737385247301630710499 7.157109957218724959348676443854e-7
0.0118234470363236957283044551176433 7.080863383795920596681796818467e-7
0.0117771646094837654359238342156358 6.998035160368128135679883716623e-7
0.0117334731991895744871058321155034 6.920438945923374045572512293398e-7
0.0116925096705395157961429068760837 6.848210446080188081263710054704e-7
0.0116474212013578033989489797774154 6.769291675534694498172813917655e-7
0.0116015665106862980768988486438406 6.689656016902582157977280055767e-7
0.0115621452369758161821541640036963 6.621694584397371244193207350798e-7
0.0115147952411369016260779314524542 6.540674598459452837020467760306e-7
0.0114740628066762880734577357262742 6.471508899822645901692112135854e-7
0.0114289031316554809639071221100109 6.395397453603165018156119647914e-7
0.0113868188089665546056112947069125 6.325008515373266156622066385516e-7
0.0113440516176571866644745333216687 6.254008486809275498760431261411e-7
0.0113005766287244472135375382930314 6.18238003682767820728610278625e-7
0.0112604171834802770711727343927157 6.116702060127033150818961745527e-7
0.0112155151571568352180071173959662 6.043820594285331664749381583681e-7
0.0111740105917554345426490270076659 5.976970610540396457796741352152e-7
0.0111360784242881322079254141344736 5.916307338326518960703232397486e-7
0.0110932662651058063827814099875602 5.8483343853720962836252910591e-7
0.0110497287957655216913475464813511 5.779745836222319976182247821208e-7