The following modules were not unloaded:
  (Use "module --force purge" to unload all):

  1) modules/2.3-20240529   2) openblas/single-0.3.26
No artists with labels found to put in legend.  Note that artists whose label start with an underscore are ignored when legend() is called with no argument.
No artists with labels found to put in legend.  Note that artists whose label start with an underscore are ignored when legend() is called with no argument.
No artists with labels found to put in legend.  Note that artists whose label start with an underscore are ignored when legend() is called with no argument.
findfont: Generic family 'serif' not found because none of the following families were found: Times
findfont: Generic family 'serif' not found because none of the following families were found: Times
findfont: Generic family 'serif' not found because none of the following families were found: Times
findfont: Generic family 'serif' not found because none of the following families were found: Times
findfont: Generic family 'serif' not found because none of the following families were found: Times
findfont: Generic family 'serif' not found because none of the following families were found: Times
findfont: Generic family 'serif' not found because none of the following families were found: Times
findfont: Generic family 'serif' not found because none of the following families were found: Times
findfont: Generic family 'serif' not found because none of the following families were found: Times
findfont: Generic family 'serif' not found because none of the following families were found: Times
findfont: Generic family 'serif' not found because none of the following families were found: Times
findfont: Generic family 'serif' not found because none of the following families were found: Times
findfont: Generic family 'serif' not found because none of the following families were found: Times
findfont: Generic family 'serif' not found because none of the following families were found: Times
findfont: Generic family 'serif' not found because none of the following families were found: Times
findfont: Generic family 'serif' not found because none of the following families were found: Times
findfont: Generic family 'serif' not found because none of the following families were found: Times
findfont: Generic family 'serif' not found because none of the following families were found: Times
findfont: Generic family 'serif' not found because none of the following families were found: Times
findfont: Generic family 'serif' not found because none of the following families were found: Times
findfont: Generic family 'serif' not found because none of the following families were found: Times
findfont: Generic family 'serif' not found because none of the following families were found: Times
findfont: Generic family 'serif' not found because none of the following families were found: Times
findfont: Generic family 'serif' not found because none of the following families were found: Times
findfont: Generic family 'serif' not found because none of the following families were found: Times
findfont: Generic family 'serif' not found because none of the following families were found: Times
findfont: Generic family 'serif' not found because none of the following families were found: Times
findfont: Generic family 'serif' not found because none of the following families were found: Times
findfont: Generic family 'serif' not found because none of the following families were found: Times
findfont: Generic family 'serif' not found because none of the following families were found: Times
findfont: Generic family 'serif' not found because none of the following families were found: Times
findfont: Generic family 'serif' not found because none of the following families were found: Times
findfont: Generic family 'serif' not found because none of the following families were found: Times
findfont: Generic family 'serif' not found because none of the following families were found: Times
findfont: Generic family 'serif' not found because none of the following families were found: Times
findfont: Generic family 'serif' not found because none of the following families were found: Times
findfont: Generic family 'serif' not found because none of the following families were found: Times
findfont: Generic family 'serif' not found because none of the following families were found: Times
findfont: Generic family 'serif' not found because none of the following families were found: Times
findfont: Generic family 'serif' not found because none of the following families were found: Times
findfont: Generic family 'serif' not found because none of the following families were found: Times
findfont: Generic family 'serif' not found because none of the following families were found: Times
findfont: Generic family 'serif' not found because none of the following families were found: Times
findfont: Font family ['serif'] not found. Falling back to DejaVu Sans.
findfont: Generic family 'serif' not found because none of the following families were found: Times
findfont: Generic family 'serif' not found because none of the following families were found: Times
findfont: Generic family 'serif' not found because none of the following families were found: Times
findfont: Generic family 'serif' not found because none of the following families were found: Times
findfont: Generic family 'serif' not found because none of the following families were found: Times
findfont: Generic family 'serif' not found because none of the following families were found: Times
findfont: Generic family 'serif' not found because none of the following families were found: Times
findfont: Generic family 'serif' not found because none of the following families were found: Times
findfont: Generic family 'serif' not found because none of the following families were found: Times
findfont: Generic family 'serif' not found because none of the following families were found: Times
findfont: Generic family 'serif' not found because none of the following families were found: Times
findfont: Generic family 'serif' not found because none of the following families were found: Times
findfont: Generic family 'serif' not found because none of the following families were found: Times
findfont: Generic family 'serif' not found because none of the following families were found: Times
findfont: Generic family 'serif' not found because none of the following families were found: Times
findfont: Generic family 'serif' not found because none of the following families were found: Times
findfont: Generic family 'serif' not found because none of the following families were found: Times
findfont: Generic family 'serif' not found because none of the following families were found: Times
findfont: Generic family 'serif' not found because none of the following families were found: Times
findfont: Generic family 'serif' not found because none of the following families were found: Times
findfont: Generic family 'serif' not found because none of the following families were found: Times
findfont: Generic family 'serif' not found because none of the following families were found: Times
findfont: Generic family 'serif' not found because none of the following families were found: Times
findfont: Generic family 'serif' not found because none of the following families were found: Times
findfont: Generic family 'serif' not found because none of the following families were found: Times
findfont: Generic family 'serif' not found because none of the following families were found: Times
findfont: Generic family 'serif' not found because none of the following families were found: Times
findfont: Generic family 'serif' not found because none of the following families were found: Times
findfont: Generic family 'serif' not found because none of the following families were found: Times
findfont: Generic family 'serif' not found because none of the following families were found: Times
findfont: Generic family 'serif' not found because none of the following families were found: Times
findfont: Generic family 'serif' not found because none of the following families were found: Times
findfont: Generic family 'serif' not found because none of the following families were found: Times
findfont: Generic family 'serif' not found because none of the following families were found: Times
findfont: Generic family 'serif' not found because none of the following families were found: Times
findfont: Generic family 'serif' not found because none of the following families were found: Times
findfont: Generic family 'serif' not found because none of the following families were found: Times
findfont: Generic family 'serif' not found because none of the following families were found: Times
findfont: Generic family 'serif' not found because none of the following families were found: Times
findfont: Generic family 'serif' not found because none of the following families were found: Times
findfont: Generic family 'serif' not found because none of the following families were found: Times
findfont: Generic family 'serif' not found because none of the following families were found: Times
findfont: Generic family 'serif' not found because none of the following families were found: Times
findfont: Generic family 'serif' not found because none of the following families were found: Times
findfont: Generic family 'serif' not found because none of the following families were found: Times
findfont: Generic family 'serif' not found because none of the following families were found: Times
findfont: Generic family 'serif' not found because none of the following families were found: Times
findfont: Generic family 'serif' not found because none of the following families were found: Times
findfont: Generic family 'serif' not found because none of the following families were found: Times
findfont: Generic family 'serif' not found because none of the following families were found: Times
findfont: Generic family 'serif' not found because none of the following families were found: Times
findfont: Generic family 'serif' not found because none of the following families were found: Times
findfont: Generic family 'serif' not found because none of the following families were found: Times
findfont: Generic family 'serif' not found because none of the following families were found: Times
findfont: Generic family 'serif' not found because none of the following families were found: Times
findfont: Generic family 'serif' not found because none of the following families were found: Times
findfont: Font family ['serif'] not found. Falling back to DejaVu Sans.
findfont: Generic family 'serif' not found because none of the following families were found: Times
findfont: Generic family 'serif' not found because none of the following families were found: Times
findfont: Generic family 'serif' not found because none of the following families were found: Times
findfont: Generic family 'serif' not found because none of the following families were found: Times
findfont: Generic family 'serif' not found because none of the following families were found: Times
findfont: Generic family 'serif' not found because none of the following families were found: Times
findfont: Generic family 'serif' not found because none of the following families were found: Times
findfont: Generic family 'serif' not found because none of the following families were found: Times
findfont: Generic family 'serif' not found because none of the following families were found: Times
findfont: Generic family 'serif' not found because none of the following families were found: Times
findfont: Generic family 'serif' not found because none of the following families were found: Times
findfont: Generic family 'serif' not found because none of the following families were found: Times
findfont: Generic family 'serif' not found because none of the following families were found: Times
findfont: Generic family 'serif' not found because none of the following families were found: Times
findfont: Generic family 'serif' not found because none of the following families were found: Times
findfont: Generic family 'serif' not found because none of the following families were found: Times
findfont: Generic family 'serif' not found because none of the following families were found: Times
findfont: Generic family 'serif' not found because none of the following families were found: Times
findfont: Generic family 'serif' not found because none of the following families were found: Times
findfont: Generic family 'serif' not found because none of the following families were found: Times
findfont: Generic family 'serif' not found because none of the following families were found: Times
findfont: Generic family 'serif' not found because none of the following families were found: Times
findfont: Generic family 'serif' not found because none of the following families were found: Times
findfont: Generic family 'serif' not found because none of the following families were found: Times
findfont: Generic family 'serif' not found because none of the following families were found: Times
findfont: Generic family 'serif' not found because none of the following families were found: Times
findfont: Generic family 'serif' not found because none of the following families were found: Times
findfont: Generic family 'serif' not found because none of the following families were found: Times
findfont: Generic family 'serif' not found because none of the following families were found: Times
findfont: Generic family 'serif' not found because none of the following families were found: Times
findfont: Generic family 'serif' not found because none of the following families were found: Times
findfont: Generic family 'serif' not found because none of the following families were found: Times
findfont: Generic family 'serif' not found because none of the following families were found: Times
findfont: Generic family 'serif' not found because none of the following families were found: Times
findfont: Generic family 'serif' not found because none of the following families were found: Times
findfont: Generic family 'serif' not found because none of the following families were found: Times
findfont: Generic family 'serif' not found because none of the following families were found: Times
findfont: Generic family 'serif' not found because none of the following families were found: Times
findfont: Generic family 'serif' not found because none of the following families were found: Times
findfont: Generic family 'serif' not found because none of the following families were found: Times
findfont: Generic family 'serif' not found because none of the following families were found: Times
findfont: Generic family 'serif' not found because none of the following families were found: Times
findfont: Generic family 'serif' not found because none of the following families were found: Times
findfont: Generic family 'serif' not found because none of the following families were found: Times
findfont: Generic family 'serif' not found because none of the following families were found: Times
findfont: Generic family 'serif' not found because none of the following families were found: Times
findfont: Generic family 'serif' not found because none of the following families were found: Times
findfont: Generic family 'serif' not found because none of the following families were found: Times
findfont: Generic family 'serif' not found because none of the following families were found: Times
findfont: Generic family 'serif' not found because none of the following families were found: Times
findfont: Generic family 'serif' not found because none of the following families were found: Times
findfont: Generic family 'serif' not found because none of the following families were found: Times
findfont: Generic family 'serif' not found because none of the following families were found: Times
findfont: Generic family 'serif' not found because none of the following families were found: Times
findfont: Generic family 'serif' not found because none of the following families were found: Times
findfont: Generic family 'serif' not found because none of the following families were found: Times
findfont: Generic family 'serif' not found because none of the following families were found: Times
findfont: Generic family 'serif' not found because none of the following families were found: Times
findfont: Generic family 'serif' not found because none of the following families were found: Times
findfont: Generic family 'serif' not found because none of the following families were found: Times
findfont: Generic family 'serif' not found because none of the following families were found: Times
findfont: Generic family 'serif' not found because none of the following families were found: Times
findfont: Generic family 'serif' not found because none of the following families were found: Times
findfont: Generic family 'serif' not found because none of the following families were found: Times
findfont: Generic family 'serif' not found because none of the following families were found: Times
findfont: Generic family 'serif' not found because none of the following families were found: Times
findfont: Generic family 'serif' not found because none of the following families were found: Times
findfont: Generic family 'serif' not found because none of the following families were found: Times
findfont: Generic family 'serif' not found because none of the following families were found: Times
findfont: Generic family 'serif' not found because none of the following families were found: Times
findfont: Generic family 'serif' not found because none of the following families were found: Times
findfont: Generic family 'serif' not found because none of the following families were found: Times
findfont: Generic family 'serif' not found because none of the following families were found: Times
findfont: Generic family 'serif' not found because none of the following families were found: Times
findfont: Generic family 'serif' not found because none of the following families were found: Times
findfont: Generic family 'serif' not found because none of the following families were found: Times
findfont: Generic family 'serif' not found because none of the following families were found: Times
findfont: Generic family 'serif' not found because none of the following families were found: Times
findfont: Generic family 'serif' not found because none of the following families were found: Times
findfont: Generic family 'serif' not found because none of the following families were found: Times
findfont: Generic family 'serif' not found because none of the following families were found: Times
findfont: Generic family 'serif' not found because none of the following families were found: Times
findfont: Generic family 'serif' not found because none of the following families were found: Times
findfont: Generic family 'serif' not found because none of the following families were found: Times
findfont: Generic family 'serif' not found because none of the following families were found: Times
findfont: Generic family 'serif' not found because none of the following families were found: Times
findfont: Generic family 'serif' not found because none of the following families were found: Times
findfont: Generic family 'serif' not found because none of the following families were found: Times
findfont: Generic family 'serif' not found because none of the following families were found: Times
findfont: Generic family 'serif' not found because none of the following families were found: Times
findfont: Generic family 'serif' not found because none of the following families were found: Times
findfont: Generic family 'serif' not found because none of the following families were found: Times
findfont: Generic family 'serif' not found because none of the following families were found: Times
findfont: Generic family 'serif' not found because none of the following families were found: Times
findfont: Generic family 'serif' not found because none of the following families were found: Times
findfont: Generic family 'serif' not found because none of the following families were found: Times
findfont: Generic family 'serif' not found because none of the following families were found: Times
findfont: Generic family 'serif' not found because none of the following families were found: Times
findfont: Generic family 'serif' not found because none of the following families were found: Times
findfont: Generic family 'serif' not found because none of the following families were found: Times
findfont: Generic family 'serif' not found because none of the following families were found: Times
findfont: Generic family 'serif' not found because none of the following families were found: Times
findfont: Generic family 'serif' not found because none of the following families were found: Times
findfont: Generic family 'serif' not found because none of the following families were found: Times
findfont: Generic family 'serif' not found because none of the following families were found: Times
findfont: Generic family 'serif' not found because none of the following families were found: Times
findfont: Generic family 'serif' not found because none of the following families were found: Times
findfont: Generic family 'serif' not found because none of the following families were found: Times
findfont: Generic family 'serif' not found because none of the following families were found: Times
findfont: Generic family 'serif' not found because none of the following families were found: Times
findfont: Generic family 'serif' not found because none of the following families were found: Times
findfont: Generic family 'serif' not found because none of the following families were found: Times
findfont: Generic family 'serif' not found because none of the following families were found: Times
findfont: Generic family 'serif' not found because none of the following families were found: Times
findfont: Generic family 'serif' not found because none of the following families were found: Times
findfont: Generic family 'serif' not found because none of the following families were found: Times
findfont: Generic family 'serif' not found because none of the following families were found: Times
findfont: Generic family 'serif' not found because none of the following families were found: Times
findfont: Generic family 'serif' not found because none of the following families were found: Times
findfont: Generic family 'serif' not found because none of the following families were found: Times
findfont: Generic family 'serif' not found because none of the following families were found: Times
findfont: Generic family 'serif' not found because none of the following families were found: Times
findfont: Generic family 'serif' not found because none of the following families were found: Times
findfont: Generic family 'serif' not found because none of the following families were found: Times
findfont: Generic family 'serif' not found because none of the following families were found: Times
findfont: Generic family 'serif' not found because none of the following families were found: Times
findfont: Generic family 'serif' not found because none of the following families were found: Times
findfont: Generic family 'serif' not found because none of the following families were found: Times
findfont: Generic family 'serif' not found because none of the following families were found: Times
findfont: Generic family 'serif' not found because none of the following families were found: Times
findfont: Generic family 'serif' not found because none of the following families were found: Times
findfont: Generic family 'serif' not found because none of the following families were found: Times
findfont: Generic family 'serif' not found because none of the following families were found: Times
findfont: Generic family 'serif' not found because none of the following families were found: Times
findfont: Generic family 'serif' not found because none of the following families were found: Times
findfont: Generic family 'serif' not found because none of the following families were found: Times
findfont: Generic family 'serif' not found because none of the following families were found: Times
findfont: Generic family 'serif' not found because none of the following families were found: Times
findfont: Generic family 'serif' not found because none of the following families were found: Times
findfont: Generic family 'serif' not found because none of the following families were found: Times
findfont: Generic family 'serif' not found because none of the following families were found: Times
findfont: Generic family 'serif' not found because none of the following families were found: Times
findfont: Generic family 'serif' not found because none of the following families were found: Times
findfont: Generic family 'serif' not found because none of the following families were found: Times
findfont: Generic family 'serif' not found because none of the following families were found: Times
findfont: Generic family 'serif' not found because none of the following families were found: Times
findfont: Generic family 'serif' not found because none of the following families were found: Times
findfont: Generic family 'serif' not found because none of the following families were found: Times
findfont: Generic family 'serif' not found because none of the following families were found: Times
findfont: Generic family 'serif' not found because none of the following families were found: Times
findfont: Generic family 'serif' not found because none of the following families were found: Times
findfont: Generic family 'serif' not found because none of the following families were found: Times
findfont: Generic family 'serif' not found because none of the following families were found: Times
findfont: Generic family 'serif' not found because none of the following families were found: Times
findfont: Generic family 'serif' not found because none of the following families were found: Times
findfont: Generic family 'serif' not found because none of the following families were found: Times
findfont: Generic family 'serif' not found because none of the following families were found: Times
findfont: Generic family 'serif' not found because none of the following families were found: Times
findfont: Generic family 'serif' not found because none of the following families were found: Times
findfont: Generic family 'serif' not found because none of the following families were found: Times
findfont: Generic family 'serif' not found because none of the following families were found: Times
findfont: Generic family 'serif' not found because none of the following families were found: Times
findfont: Generic family 'serif' not found because none of the following families were found: Times
findfont: Generic family 'serif' not found because none of the following families were found: Times
findfont: Generic family 'serif' not found because none of the following families were found: Times
findfont: Generic family 'serif' not found because none of the following families were found: Times
findfont: Generic family 'serif' not found because none of the following families were found: Times
findfont: Generic family 'serif' not found because none of the following families were found: Times
findfont: Generic family 'serif' not found because none of the following families were found: Times
findfont: Generic family 'serif' not found because none of the following families were found: Times
findfont: Generic family 'serif' not found because none of the following families were found: Times
findfont: Generic family 'serif' not found because none of the following families were found: Times
findfont: Generic family 'serif' not found because none of the following families were found: Times
findfont: Generic family 'serif' not found because none of the following families were found: Times
findfont: Generic family 'serif' not found because none of the following families were found: Times
findfont: Generic family 'serif' not found because none of the following families were found: Times
findfont: Generic family 'serif' not found because none of the following families were found: Times
findfont: Generic family 'serif' not found because none of the following families were found: Times
findfont: Generic family 'serif' not found because none of the following families were found: Times
findfont: Generic family 'serif' not found because none of the following families were found: Times
findfont: Generic family 'serif' not found because none of the following families were found: Times
findfont: Generic family 'serif' not found because none of the following families were found: Times
findfont: Generic family 'serif' not found because none of the following families were found: Times
findfont: Generic family 'serif' not found because none of the following families were found: Times
findfont: Generic family 'serif' not found because none of the following families were found: Times
findfont: Generic family 'serif' not found because none of the following families were found: Times
findfont: Generic family 'serif' not found because none of the following families were found: Times
findfont: Generic family 'serif' not found because none of the following families were found: Times
findfont: Generic family 'serif' not found because none of the following families were found: Times
findfont: Generic family 'serif' not found because none of the following families were found: Times
findfont: Generic family 'serif' not found because none of the following families were found: Times
findfont: Generic family 'serif' not found because none of the following families were found: Times
findfont: Generic family 'serif' not found because none of the following families were found: Times
findfont: Generic family 'serif' not found because none of the following families were found: Times
findfont: Generic family 'serif' not found because none of the following families were found: Times
findfont: Generic family 'serif' not found because none of the following families were found: Times
findfont: Generic family 'serif' not found because none of the following families were found: Times
findfont: Generic family 'serif' not found because none of the following families were found: Times
findfont: Generic family 'serif' not found because none of the following families were found: Times
findfont: Generic family 'serif' not found because none of the following families were found: Times
findfont: Generic family 'serif' not found because none of the following families were found: Times
findfont: Generic family 'serif' not found because none of the following families were found: Times
findfont: Generic family 'serif' not found because none of the following families were found: Times
findfont: Generic family 'serif' not found because none of the following families were found: Times
findfont: Generic family 'serif' not found because none of the following families were found: Times
findfont: Generic family 'serif' not found because none of the following families were found: Times
findfont: Generic family 'serif' not found because none of the following families were found: Times
findfont: Generic family 'serif' not found because none of the following families were found: Times
findfont: Generic family 'serif' not found because none of the following families were found: Times
findfont: Generic family 'serif' not found because none of the following families were found: Times
findfont: Generic family 'serif' not found because none of the following families were found: Times
findfont: Generic family 'serif' not found because none of the following families were found: Times
findfont: Generic family 'serif' not found because none of the following families were found: Times
findfont: Generic family 'serif' not found because none of the following families were found: Times
findfont: Generic family 'serif' not found because none of the following families were found: Times
findfont: Generic family 'serif' not found because none of the following families were found: Times
findfont: Generic family 'serif' not found because none of the following families were found: Times
findfont: Generic family 'serif' not found because none of the following families were found: Times
findfont: Generic family 'serif' not found because none of the following families were found: Times
findfont: Generic family 'serif' not found because none of the following families were found: Times
findfont: Generic family 'serif' not found because none of the following families were found: Times
findfont: Generic family 'serif' not found because none of the following families were found: Times
findfont: Generic family 'serif' not found because none of the following families were found: Times
findfont: Generic family 'serif' not found because none of the following families were found: Times
findfont: Generic family 'serif' not found because none of the following families were found: Times
findfont: Generic family 'serif' not found because none of the following families were found: Times
findfont: Generic family 'serif' not found because none of the following families were found: Times
findfont: Generic family 'serif' not found because none of the following families were found: Times
findfont: Generic family 'serif' not found because none of the following families were found: Times
findfont: Generic family 'serif' not found because none of the following families were found: Times
findfont: Generic family 'serif' not found because none of the following families were found: Times
findfont: Generic family 'serif' not found because none of the following families were found: Times
findfont: Generic family 'serif' not found because none of the following families were found: Times
findfont: Generic family 'serif' not found because none of the following families were found: Times
findfont: Generic family 'serif' not found because none of the following families were found: Times
findfont: Generic family 'serif' not found because none of the following families were found: Times
findfont: Generic family 'serif' not found because none of the following families were found: Times
findfont: Generic family 'serif' not found because none of the following families were found: Times
findfont: Generic family 'serif' not found because none of the following families were found: Times
findfont: Generic family 'serif' not found because none of the following families were found: Times
findfont: Generic family 'serif' not found because none of the following families were found: Times
findfont: Generic family 'serif' not found because none of the following families were found: Times
findfont: Generic family 'serif' not found because none of the following families were found: Times
findfont: Generic family 'serif' not found because none of the following families were found: Times
findfont: Generic family 'serif' not found because none of the following families were found: Times
findfont: Generic family 'serif' not found because none of the following families were found: Times
findfont: Generic family 'serif' not found because none of the following families were found: Times
findfont: Generic family 'serif' not found because none of the following families were found: Times
findfont: Generic family 'serif' not found because none of the following families were found: Times
findfont: Generic family 'serif' not found because none of the following families were found: Times
findfont: Generic family 'serif' not found because none of the following families were found: Times
findfont: Generic family 'serif' not found because none of the following families were found: Times
findfont: Generic family 'serif' not found because none of the following families were found: Times
findfont: Generic family 'serif' not found because none of the following families were found: Times
findfont: Generic family 'serif' not found because none of the following families were found: Times
findfont: Generic family 'serif' not found because none of the following families were found: Times
findfont: Generic family 'serif' not found because none of the following families were found: Times
findfont: Generic family 'serif' not found because none of the following families were found: Times
findfont: Generic family 'serif' not found because none of the following families were found: Times
findfont: Generic family 'serif' not found because none of the following families were found: Times
findfont: Generic family 'serif' not found because none of the following families were found: Times
findfont: Generic family 'serif' not found because none of the following families were found: Times
findfont: Generic family 'serif' not found because none of the following families were found: Times
findfont: Generic family 'serif' not found because none of the following families were found: Times
findfont: Generic family 'serif' not found because none of the following families were found: Times
findfont: Generic family 'serif' not found because none of the following families were found: Times
findfont: Generic family 'serif' not found because none of the following families were found: Times
findfont: Generic family 'serif' not found because none of the following families were found: Times
findfont: Generic family 'serif' not found because none of the following families were found: Times
findfont: Generic family 'serif' not found because none of the following families were found: Times
findfont: Generic family 'serif' not found because none of the following families were found: Times
findfont: Generic family 'serif' not found because none of the following families were found: Times
findfont: Generic family 'serif' not found because none of the following families were found: Times
findfont: Generic family 'serif' not found because none of the following families were found: Times
findfont: Generic family 'serif' not found because none of the following families were found: Times
findfont: Generic family 'serif' not found because none of the following families were found: Times
findfont: Generic family 'serif' not found because none of the following families were found: Times
findfont: Generic family 'serif' not found because none of the following families were found: Times
findfont: Generic family 'serif' not found because none of the following families were found: Times
findfont: Generic family 'serif' not found because none of the following families were found: Times
findfont: Generic family 'serif' not found because none of the following families were found: Times
findfont: Generic family 'serif' not found because none of the following families were found: Times
findfont: Generic family 'serif' not found because none of the following families were found: Times
findfont: Generic family 'serif' not found because none of the following families were found: Times
findfont: Generic family 'serif' not found because none of the following families were found: Times
findfont: Generic family 'serif' not found because none of the following families were found: Times
findfont: Generic family 'serif' not found because none of the following families were found: Times
findfont: Generic family 'serif' not found because none of the following families were found: Times
findfont: Generic family 'serif' not found because none of the following families were found: Times
findfont: Generic family 'serif' not found because none of the following families were found: Times
findfont: Generic family 'serif' not found because none of the following families were found: Times
findfont: Generic family 'serif' not found because none of the following families were found: Times
findfont: Generic family 'serif' not found because none of the following families were found: Times
findfont: Generic family 'serif' not found because none of the following families were found: Times
findfont: Generic family 'serif' not found because none of the following families were found: Times
findfont: Generic family 'serif' not found because none of the following families were found: Times
findfont: Generic family 'serif' not found because none of the following families were found: Times
findfont: Generic family 'serif' not found because none of the following families were found: Times
findfont: Generic family 'serif' not found because none of the following families were found: Times
findfont: Generic family 'serif' not found because none of the following families were found: Times
findfont: Generic family 'serif' not found because none of the following families were found: Times
findfont: Generic family 'serif' not found because none of the following families were found: Times
findfont: Generic family 'serif' not found because none of the following families were found: Times
findfont: Generic family 'serif' not found because none of the following families were found: Times
findfont: Generic family 'serif' not found because none of the following families were found: Times
findfont: Generic family 'serif' not found because none of the following families were found: Times
findfont: Generic family 'serif' not found because none of the following families were found: Times
findfont: Generic family 'serif' not found because none of the following families were found: Times
findfont: Generic family 'serif' not found because none of the following families were found: Times
findfont: Generic family 'serif' not found because none of the following families were found: Times
findfont: Generic family 'serif' not found because none of the following families were found: Times
findfont: Generic family 'serif' not found because none of the following families were found: Times
findfont: Generic family 'serif' not found because none of the following families were found: Times
findfont: Generic family 'serif' not found because none of the following families were found: Times
findfont: Generic family 'serif' not found because none of the following families were found: Times
findfont: Generic family 'serif' not found because none of the following families were found: Times
findfont: Generic family 'serif' not found because none of the following families were found: Times
findfont: Generic family 'serif' not found because none of the following families were found: Times
findfont: Generic family 'serif' not found because none of the following families were found: Times
findfont: Generic family 'serif' not found because none of the following families were found: Times
findfont: Generic family 'serif' not found because none of the following families were found: Times
findfont: Generic family 'serif' not found because none of the following families were found: Times
findfont: Generic family 'serif' not found because none of the following families were found: Times
findfont: Generic family 'serif' not found because none of the following families were found: Times
findfont: Generic family 'serif' not found because none of the following families were found: Times
findfont: Generic family 'serif' not found because none of the following families were found: Times
findfont: Generic family 'serif' not found because none of the following families were found: Times
findfont: Generic family 'serif' not found because none of the following families were found: Times
findfont: Generic family 'serif' not found because none of the following families were found: Times
findfont: Generic family 'serif' not found because none of the following families were found: Times
findfont: Generic family 'serif' not found because none of the following families were found: Times
findfont: Generic family 'serif' not found because none of the following families were found: Times
findfont: Generic family 'serif' not found because none of the following families were found: Times
findfont: Generic family 'serif' not found because none of the following families were found: Times
findfont: Generic family 'serif' not found because none of the following families were found: Times
findfont: Generic family 'serif' not found because none of the following families were found: Times
findfont: Generic family 'serif' not found because none of the following families were found: Times
findfont: Generic family 'serif' not found because none of the following families were found: Times
findfont: Generic family 'serif' not found because none of the following families were found: Times
findfont: Generic family 'serif' not found because none of the following families were found: Times
findfont: Generic family 'serif' not found because none of the following families were found: Times
findfont: Generic family 'serif' not found because none of the following families were found: Times
findfont: Generic family 'serif' not found because none of the following families were found: Times
findfont: Generic family 'serif' not found because none of the following families were found: Times
findfont: Generic family 'serif' not found because none of the following families were found: Times
findfont: Generic family 'serif' not found because none of the following families were found: Times
findfont: Generic family 'serif' not found because none of the following families were found: Times
findfont: Generic family 'serif' not found because none of the following families were found: Times
findfont: Generic family 'serif' not found because none of the following families were found: Times
findfont: Generic family 'serif' not found because none of the following families were found: Times
findfont: Generic family 'serif' not found because none of the following families were found: Times
findfont: Generic family 'serif' not found because none of the following families were found: Times
findfont: Generic family 'serif' not found because none of the following families were found: Times
findfont: Generic family 'serif' not found because none of the following families were found: Times
findfont: Generic family 'serif' not found because none of the following families were found: Times
findfont: Generic family 'serif' not found because none of the following families were found: Times
findfont: Generic family 'serif' not found because none of the following families were found: Times
findfont: Generic family 'serif' not found because none of the following families were found: Times
findfont: Generic family 'serif' not found because none of the following families were found: Times
findfont: Generic family 'serif' not found because none of the following families were found: Times
findfont: Generic family 'serif' not found because none of the following families were found: Times
findfont: Generic family 'serif' not found because none of the following families were found: Times
findfont: Generic family 'serif' not found because none of the following families were found: Times
findfont: Generic family 'serif' not found because none of the following families were found: Times
findfont: Generic family 'serif' not found because none of the following families were found: Times
findfont: Generic family 'serif' not found because none of the following families were found: Times
findfont: Generic family 'serif' not found because none of the following families were found: Times
findfont: Generic family 'serif' not found because none of the following families were found: Times
findfont: Generic family 'serif' not found because none of the following families were found: Times
findfont: Generic family 'serif' not found because none of the following families were found: Times
findfont: Generic family 'serif' not found because none of the following families were found: Times
findfont: Generic family 'serif' not found because none of the following families were found: Times
findfont: Generic family 'serif' not found because none of the following families were found: Times
findfont: Generic family 'serif' not found because none of the following families were found: Times
findfont: Generic family 'serif' not found because none of the following families were found: Times
findfont: Generic family 'serif' not found because none of the following families were found: Times
findfont: Generic family 'serif' not found because none of the following families were found: Times
findfont: Generic family 'serif' not found because none of the following families were found: Times
findfont: Generic family 'serif' not found because none of the following families were found: Times
findfont: Generic family 'serif' not found because none of the following families were found: Times
findfont: Generic family 'serif' not found because none of the following families were found: Times
findfont: Generic family 'serif' not found because none of the following families were found: Times
findfont: Generic family 'serif' not found because none of the following families were found: Times
findfont: Generic family 'serif' not found because none of the following families were found: Times
findfont: Generic family 'serif' not found because none of the following families were found: Times
findfont: Generic family 'serif' not found because none of the following families were found: Times
findfont: Generic family 'serif' not found because none of the following families were found: Times
findfont: Generic family 'serif' not found because none of the following families were found: Times
findfont: Generic family 'serif' not found because none of the following families were found: Times
findfont: Generic family 'serif' not found because none of the following families were found: Times
findfont: Generic family 'serif' not found because none of the following families were found: Times
findfont: Generic family 'serif' not found because none of the following families were found: Times
findfont: Generic family 'serif' not found because none of the following families were found: Times
findfont: Generic family 'serif' not found because none of the following families were found: Times
findfont: Generic family 'serif' not found because none of the following families were found: Times
findfont: Generic family 'serif' not found because none of the following families were found: Times
findfont: Generic family 'serif' not found because none of the following families were found: Times
findfont: Generic family 'serif' not found because none of the following families were found: Times
findfont: Generic family 'serif' not found because none of the following families were found: Times
findfont: Generic family 'serif' not found because none of the following families were found: Times
findfont: Generic family 'serif' not found because none of the following families were found: Times
findfont: Generic family 'serif' not found because none of the following families were found: Times
findfont: Generic family 'serif' not found because none of the following families were found: Times
findfont: Generic family 'serif' not found because none of the following families were found: Times
findfont: Generic family 'serif' not found because none of the following families were found: Times
findfont: Generic family 'serif' not found because none of the following families were found: Times
findfont: Generic family 'serif' not found because none of the following families were found: Times
findfont: Generic family 'serif' not found because none of the following families were found: Times
findfont: Generic family 'serif' not found because none of the following families were found: Times
findfont: Generic family 'serif' not found because none of the following families were found: Times
findfont: Generic family 'serif' not found because none of the following families were found: Times
findfont: Generic family 'serif' not found because none of the following families were found: Times
findfont: Generic family 'serif' not found because none of the following families were found: Times
findfont: Generic family 'serif' not found because none of the following families were found: Times
findfont: Generic family 'serif' not found because none of the following families were found: Times
findfont: Generic family 'serif' not found because none of the following families were found: Times
findfont: Generic family 'serif' not found because none of the following families were found: Times
findfont: Generic family 'serif' not found because none of the following families were found: Times
findfont: Generic family 'serif' not found because none of the following families were found: Times
findfont: Generic family 'serif' not found because none of the following families were found: Times
findfont: Generic family 'serif' not found because none of the following families were found: Times
findfont: Generic family 'serif' not found because none of the following families were found: Times
findfont: Generic family 'serif' not found because none of the following families were found: Times
findfont: Generic family 'serif' not found because none of the following families were found: Times
findfont: Generic family 'serif' not found because none of the following families were found: Times
findfont: Generic family 'serif' not found because none of the following families were found: Times
findfont: Generic family 'serif' not found because none of the following families were found: Times
findfont: Generic family 'serif' not found because none of the following families were found: Times
findfont: Generic family 'serif' not found because none of the following families were found: Times
findfont: Generic family 'serif' not found because none of the following families were found: Times
findfont: Generic family 'serif' not found because none of the following families were found: Times
findfont: Generic family 'serif' not found because none of the following families were found: Times
findfont: Generic family 'serif' not found because none of the following families were found: Times
findfont: Generic family 'serif' not found because none of the following families were found: Times
findfont: Generic family 'serif' not found because none of the following families were found: Times
findfont: Generic family 'serif' not found because none of the following families were found: Times
findfont: Generic family 'serif' not found because none of the following families were found: Times
findfont: Generic family 'serif' not found because none of the following families were found: Times
findfont: Generic family 'serif' not found because none of the following families were found: Times
findfont: Generic family 'serif' not found because none of the following families were found: Times
findfont: Generic family 'serif' not found because none of the following families were found: Times
findfont: Generic family 'serif' not found because none of the following families were found: Times
findfont: Generic family 'serif' not found because none of the following families were found: Times
findfont: Generic family 'serif' not found because none of the following families were found: Times
findfont: Generic family 'serif' not found because none of the following families were found: Times
findfont: Generic family 'serif' not found because none of the following families were found: Times
findfont: Generic family 'serif' not found because none of the following families were found: Times
findfont: Generic family 'serif' not found because none of the following families were found: Times
findfont: Generic family 'serif' not found because none of the following families were found: Times
findfont: Generic family 'serif' not found because none of the following families were found: Times
findfont: Generic family 'serif' not found because none of the following families were found: Times
findfont: Generic family 'serif' not found because none of the following families were found: Times
findfont: Generic family 'serif' not found because none of the following families were found: Times
findfont: Generic family 'serif' not found because none of the following families were found: Times
findfont: Generic family 'serif' not found because none of the following families were found: Times
findfont: Generic family 'serif' not found because none of the following families were found: Times
findfont: Generic family 'serif' not found because none of the following families were found: Times
findfont: Generic family 'serif' not found because none of the following families were found: Times
findfont: Generic family 'serif' not found because none of the following families were found: Times
findfont: Generic family 'serif' not found because none of the following families were found: Times
findfont: Generic family 'serif' not found because none of the following families were found: Times
findfont: Generic family 'serif' not found because none of the following families were found: Times
findfont: Generic family 'serif' not found because none of the following families were found: Times
findfont: Generic family 'serif' not found because none of the following families were found: Times
findfont: Generic family 'serif' not found because none of the following families were found: Times
findfont: Generic family 'serif' not found because none of the following families were found: Times
findfont: Generic family 'serif' not found because none of the following families were found: Times
findfont: Generic family 'serif' not found because none of the following families were found: Times
findfont: Generic family 'serif' not found because none of the following families were found: Times
findfont: Generic family 'serif' not found because none of the following families were found: Times
findfont: Generic family 'serif' not found because none of the following families were found: Times
findfont: Generic family 'serif' not found because none of the following families were found: Times
findfont: Generic family 'serif' not found because none of the following families were found: Times
findfont: Generic family 'serif' not found because none of the following families were found: Times
findfont: Generic family 'serif' not found because none of the following families were found: Times
findfont: Generic family 'serif' not found because none of the following families were found: Times
findfont: Generic family 'serif' not found because none of the following families were found: Times
findfont: Generic family 'serif' not found because none of the following families were found: Times
findfont: Generic family 'serif' not found because none of the following families were found: Times
findfont: Generic family 'serif' not found because none of the following families were found: Times
findfont: Generic family 'serif' not found because none of the following families were found: Times
findfont: Generic family 'serif' not found because none of the following families were found: Times
findfont: Generic family 'serif' not found because none of the following families were found: Times
findfont: Generic family 'serif' not found because none of the following families were found: Times
findfont: Generic family 'serif' not found because none of the following families were found: Times
findfont: Generic family 'serif' not found because none of the following families were found: Times
findfont: Generic family 'serif' not found because none of the following families were found: Times
findfont: Generic family 'serif' not found because none of the following families were found: Times
findfont: Generic family 'serif' not found because none of the following families were found: Times
findfont: Generic family 'serif' not found because none of the following families were found: Times
findfont: Generic family 'serif' not found because none of the following families were found: Times
findfont: Generic family 'serif' not found because none of the following families were found: Times
findfont: Generic family 'serif' not found because none of the following families were found: Times
findfont: Generic family 'serif' not found because none of the following families were found: Times
findfont: Generic family 'serif' not found because none of the following families were found: Times
findfont: Generic family 'serif' not found because none of the following families were found: Times
findfont: Generic family 'serif' not found because none of the following families were found: Times
findfont: Generic family 'serif' not found because none of the following families were found: Times
findfont: Generic family 'serif' not found because none of the following families were found: Times
findfont: Generic family 'serif' not found because none of the following families were found: Times
findfont: Generic family 'serif' not found because none of the following families were found: Times
findfont: Generic family 'serif' not found because none of the following families were found: Times
findfont: Generic family 'serif' not found because none of the following families were found: Times
findfont: Generic family 'serif' not found because none of the following families were found: Times
findfont: Generic family 'serif' not found because none of the following families were found: Times
findfont: Generic family 'serif' not found because none of the following families were found: Times
findfont: Generic family 'serif' not found because none of the following families were found: Times
findfont: Generic family 'serif' not found because none of the following families were found: Times
findfont: Generic family 'serif' not found because none of the following families were found: Times
findfont: Generic family 'serif' not found because none of the following families were found: Times
findfont: Generic family 'serif' not found because none of the following families were found: Times
findfont: Generic family 'serif' not found because none of the following families were found: Times
findfont: Generic family 'serif' not found because none of the following families were found: Times
findfont: Generic family 'serif' not found because none of the following families were found: Times
findfont: Generic family 'serif' not found because none of the following families were found: Times
findfont: Generic family 'serif' not found because none of the following families were found: Times
findfont: Generic family 'serif' not found because none of the following families were found: Times
findfont: Generic family 'serif' not found because none of the following families were found: Times
findfont: Generic family 'serif' not found because none of the following families were found: Times
findfont: Generic family 'serif' not found because none of the following families were found: Times
findfont: Generic family 'serif' not found because none of the following families were found: Times
findfont: Generic family 'serif' not found because none of the following families were found: Times
findfont: Generic family 'serif' not found because none of the following families were found: Times
findfont: Generic family 'serif' not found because none of the following families were found: Times
findfont: Generic family 'serif' not found because none of the following families were found: Times
findfont: Generic family 'serif' not found because none of the following families were found: Times
findfont: Generic family 'serif' not found because none of the following families were found: Times
findfont: Generic family 'serif' not found because none of the following families were found: Times
findfont: Generic family 'serif' not found because none of the following families were found: Times
findfont: Generic family 'serif' not found because none of the following families were found: Times
findfont: Generic family 'serif' not found because none of the following families were found: Times
findfont: Generic family 'serif' not found because none of the following families were found: Times
findfont: Generic family 'serif' not found because none of the following families were found: Times
findfont: Generic family 'serif' not found because none of the following families were found: Times
findfont: Generic family 'serif' not found because none of the following families were found: Times
findfont: Generic family 'serif' not found because none of the following families were found: Times
findfont: Generic family 'serif' not found because none of the following families were found: Times
findfont: Generic family 'serif' not found because none of the following families were found: Times
findfont: Generic family 'serif' not found because none of the following families were found: Times
findfont: Generic family 'serif' not found because none of the following families were found: Times
findfont: Generic family 'serif' not found because none of the following families were found: Times
findfont: Generic family 'serif' not found because none of the following families were found: Times
findfont: Generic family 'serif' not found because none of the following families were found: Times
findfont: Generic family 'serif' not found because none of the following families were found: Times
findfont: Generic family 'serif' not found because none of the following families were found: Times
findfont: Generic family 'serif' not found because none of the following families were found: Times
findfont: Generic family 'serif' not found because none of the following families were found: Times
findfont: Generic family 'serif' not found because none of the following families were found: Times
findfont: Generic family 'serif' not found because none of the following families were found: Times
findfont: Generic family 'serif' not found because none of the following families were found: Times
findfont: Generic family 'serif' not found because none of the following families were found: Times
findfont: Generic family 'serif' not found because none of the following families were found: Times
findfont: Generic family 'serif' not found because none of the following families were found: Times
findfont: Generic family 'serif' not found because none of the following families were found: Times
findfont: Generic family 'serif' not found because none of the following families were found: Times
findfont: Generic family 'serif' not found because none of the following families were found: Times
findfont: Generic family 'serif' not found because none of the following families were found: Times
findfont: Generic family 'serif' not found because none of the following families were found: Times
findfont: Generic family 'serif' not found because none of the following families were found: Times
findfont: Generic family 'serif' not found because none of the following families were found: Times
findfont: Generic family 'serif' not found because none of the following families were found: Times
findfont: Generic family 'serif' not found because none of the following families were found: Times
findfont: Generic family 'serif' not found because none of the following families were found: Times
findfont: Generic family 'serif' not found because none of the following families were found: Times
findfont: Generic family 'serif' not found because none of the following families were found: Times
findfont: Generic family 'serif' not found because none of the following families were found: Times
findfont: Generic family 'serif' not found because none of the following families were found: Times
findfont: Generic family 'serif' not found because none of the following families were found: Times
findfont: Generic family 'serif' not found because none of the following families were found: Times
findfont: Generic family 'serif' not found because none of the following families were found: Times
findfont: Generic family 'serif' not found because none of the following families were found: Times
findfont: Generic family 'serif' not found because none of the following families were found: Times
findfont: Generic family 'serif' not found because none of the following families were found: Times
findfont: Generic family 'serif' not found because none of the following families were found: Times
findfont: Generic family 'serif' not found because none of the following families were found: Times
findfont: Generic family 'serif' not found because none of the following families were found: Times
findfont: Generic family 'serif' not found because none of the following families were found: Times
findfont: Generic family 'serif' not found because none of the following families were found: Times
findfont: Generic family 'serif' not found because none of the following families were found: Times
findfont: Generic family 'serif' not found because none of the following families were found: Times
findfont: Generic family 'serif' not found because none of the following families were found: Times
findfont: Generic family 'serif' not found because none of the following families were found: Times
findfont: Generic family 'serif' not found because none of the following families were found: Times
findfont: Generic family 'serif' not found because none of the following families were found: Times
findfont: Generic family 'serif' not found because none of the following families were found: Times
findfont: Generic family 'serif' not found because none of the following families were found: Times
findfont: Generic family 'serif' not found because none of the following families were found: Times
findfont: Generic family 'serif' not found because none of the following families were found: Times
findfont: Generic family 'serif' not found because none of the following families were found: Times
findfont: Generic family 'serif' not found because none of the following families were found: Times
findfont: Generic family 'serif' not found because none of the following families were found: Times
findfont: Generic family 'serif' not found because none of the following families were found: Times
findfont: Generic family 'serif' not found because none of the following families were found: Times
findfont: Generic family 'serif' not found because none of the following families were found: Times
findfont: Generic family 'serif' not found because none of the following families were found: Times
findfont: Generic family 'serif' not found because none of the following families were found: Times
findfont: Generic family 'serif' not found because none of the following families were found: Times
findfont: Generic family 'serif' not found because none of the following families were found: Times
findfont: Generic family 'serif' not found because none of the following families were found: Times
findfont: Generic family 'serif' not found because none of the following families were found: Times
findfont: Generic family 'serif' not found because none of the following families were found: Times
findfont: Generic family 'serif' not found because none of the following families were found: Times
findfont: Generic family 'serif' not found because none of the following families were found: Times
findfont: Generic family 'serif' not found because none of the following families were found: Times
findfont: Generic family 'serif' not found because none of the following families were found: Times
findfont: Generic family 'serif' not found because none of the following families were found: Times
findfont: Generic family 'serif' not found because none of the following families were found: Times
findfont: Generic family 'serif' not found because none of the following families were found: Times
findfont: Generic family 'serif' not found because none of the following families were found: Times
findfont: Generic family 'serif' not found because none of the following families were found: Times
findfont: Generic family 'serif' not found because none of the following families were found: Times
findfont: Generic family 'serif' not found because none of the following families were found: Times
findfont: Generic family 'serif' not found because none of the following families were found: Times
findfont: Generic family 'serif' not found because none of the following families were found: Times
findfont: Generic family 'serif' not found because none of the following families were found: Times
findfont: Generic family 'serif' not found because none of the following families were found: Times
findfont: Generic family 'serif' not found because none of the following families were found: Times
findfont: Generic family 'serif' not found because none of the following families were found: Times
findfont: Generic family 'serif' not found because none of the following families were found: Times
findfont: Generic family 'serif' not found because none of the following families were found: Times
findfont: Generic family 'serif' not found because none of the following families were found: Times
findfont: Generic family 'serif' not found because none of the following families were found: Times
findfont: Generic family 'serif' not found because none of the following families were found: Times
findfont: Generic family 'serif' not found because none of the following families were found: Times
findfont: Generic family 'serif' not found because none of the following families were found: Times
findfont: Generic family 'serif' not found because none of the following families were found: Times
findfont: Generic family 'serif' not found because none of the following families were found: Times
findfont: Generic family 'serif' not found because none of the following families were found: Times
findfont: Generic family 'serif' not found because none of the following families were found: Times
findfont: Generic family 'serif' not found because none of the following families were found: Times
findfont: Generic family 'serif' not found because none of the following families were found: Times
findfont: Generic family 'serif' not found because none of the following families were found: Times
findfont: Generic family 'serif' not found because none of the following families were found: Times
findfont: Generic family 'serif' not found because none of the following families were found: Times
findfont: Generic family 'serif' not found because none of the following families were found: Times
findfont: Generic family 'serif' not found because none of the following families were found: Times
findfont: Generic family 'serif' not found because none of the following families were found: Times
findfont: Generic family 'serif' not found because none of the following families were found: Times
findfont: Generic family 'serif' not found because none of the following families were found: Times
findfont: Generic family 'serif' not found because none of the following families were found: Times
findfont: Generic family 'serif' not found because none of the following families were found: Times
findfont: Generic family 'serif' not found because none of the following families were found: Times
findfont: Generic family 'serif' not found because none of the following families were found: Times
findfont: Generic family 'serif' not found because none of the following families were found: Times
findfont: Generic family 'serif' not found because none of the following families were found: Times
findfont: Generic family 'serif' not found because none of the following families were found: Times
findfont: Generic family 'serif' not found because none of the following families were found: Times
findfont: Generic family 'serif' not found because none of the following families were found: Times
findfont: Generic family 'serif' not found because none of the following families were found: Times
findfont: Generic family 'serif' not found because none of the following families were found: Times
findfont: Generic family 'serif' not found because none of the following families were found: Times
findfont: Generic family 'serif' not found because none of the following families were found: Times
findfont: Generic family 'serif' not found because none of the following families were found: Times
findfont: Generic family 'serif' not found because none of the following families were found: Times
findfont: Generic family 'serif' not found because none of the following families were found: Times
findfont: Generic family 'serif' not found because none of the following families were found: Times
findfont: Generic family 'serif' not found because none of the following families were found: Times
findfont: Generic family 'serif' not found because none of the following families were found: Times
findfont: Generic family 'serif' not found because none of the following families were found: Times
findfont: Generic family 'serif' not found because none of the following families were found: Times
findfont: Generic family 'serif' not found because none of the following families were found: Times
findfont: Generic family 'serif' not found because none of the following families were found: Times
findfont: Generic family 'serif' not found because none of the following families were found: Times
findfont: Generic family 'serif' not found because none of the following families were found: Times
findfont: Generic family 'serif' not found because none of the following families were found: Times
findfont: Generic family 'serif' not found because none of the following families were found: Times
findfont: Generic family 'serif' not found because none of the following families were found: Times
findfont: Generic family 'serif' not found because none of the following families were found: Times
findfont: Generic family 'serif' not found because none of the following families were found: Times
findfont: Generic family 'serif' not found because none of the following families were found: Times
findfont: Generic family 'serif' not found because none of the following families were found: Times
findfont: Generic family 'serif' not found because none of the following families were found: Times
findfont: Generic family 'serif' not found because none of the following families were found: Times
findfont: Generic family 'serif' not found because none of the following families were found: Times
findfont: Generic family 'serif' not found because none of the following families were found: Times
findfont: Generic family 'serif' not found because none of the following families were found: Times
findfont: Generic family 'serif' not found because none of the following families were found: Times
findfont: Generic family 'serif' not found because none of the following families were found: Times
findfont: Generic family 'serif' not found because none of the following families were found: Times
findfont: Generic family 'serif' not found because none of the following families were found: Times
findfont: Generic family 'serif' not found because none of the following families were found: Times
findfont: Generic family 'serif' not found because none of the following families were found: Times
findfont: Generic family 'serif' not found because none of the following families were found: Times
findfont: Generic family 'serif' not found because none of the following families were found: Times
findfont: Generic family 'serif' not found because none of the following families were found: Times
findfont: Generic family 'serif' not found because none of the following families were found: Times
findfont: Generic family 'serif' not found because none of the following families were found: Times
findfont: Generic family 'serif' not found because none of the following families were found: Times
findfont: Generic family 'serif' not found because none of the following families were found: Times
findfont: Generic family 'serif' not found because none of the following families were found: Times
findfont: Generic family 'serif' not found because none of the following families were found: Times
findfont: Generic family 'serif' not found because none of the following families were found: Times
findfont: Generic family 'serif' not found because none of the following families were found: Times
findfont: Generic family 'serif' not found because none of the following families were found: Times
findfont: Generic family 'serif' not found because none of the following families were found: Times
findfont: Generic family 'serif' not found because none of the following families were found: Times
findfont: Generic family 'serif' not found because none of the following families were found: Times
findfont: Generic family 'serif' not found because none of the following families were found: Times
findfont: Generic family 'serif' not found because none of the following families were found: Times
findfont: Generic family 'serif' not found because none of the following families were found: Times
findfont: Generic family 'serif' not found because none of the following families were found: Times
findfont: Generic family 'serif' not found because none of the following families were found: Times
findfont: Generic family 'serif' not found because none of the following families were found: Times
findfont: Generic family 'serif' not found because none of the following families were found: Times
findfont: Generic family 'serif' not found because none of the following families were found: Times
findfont: Generic family 'serif' not found because none of the following families were found: Times
findfont: Generic family 'serif' not found because none of the following families were found: Times
findfont: Generic family 'serif' not found because none of the following families were found: Times
findfont: Generic family 'serif' not found because none of the following families were found: Times
findfont: Generic family 'serif' not found because none of the following families were found: Times
findfont: Generic family 'serif' not found because none of the following families were found: Times
findfont: Generic family 'serif' not found because none of the following families were found: Times
findfont: Generic family 'serif' not found because none of the following families were found: Times
findfont: Generic family 'serif' not found because none of the following families were found: Times
findfont: Generic family 'serif' not found because none of the following families were found: Times
findfont: Generic family 'serif' not found because none of the following families were found: Times
findfont: Generic family 'serif' not found because none of the following families were found: Times
findfont: Generic family 'serif' not found because none of the following families were found: Times
findfont: Generic family 'serif' not found because none of the following families were found: Times
findfont: Generic family 'serif' not found because none of the following families were found: Times
findfont: Generic family 'serif' not found because none of the following families were found: Times
findfont: Generic family 'serif' not found because none of the following families were found: Times
findfont: Generic family 'serif' not found because none of the following families were found: Times
findfont: Generic family 'serif' not found because none of the following families were found: Times
findfont: Generic family 'serif' not found because none of the following families were found: Times
findfont: Generic family 'serif' not found because none of the following families were found: Times
findfont: Generic family 'serif' not found because none of the following families were found: Times
findfont: Generic family 'serif' not found because none of the following families were found: Times
findfont: Generic family 'serif' not found because none of the following families were found: Times
findfont: Generic family 'serif' not found because none of the following families were found: Times
findfont: Generic family 'serif' not found because none of the following families were found: Times
findfont: Generic family 'serif' not found because none of the following families were found: Times
findfont: Generic family 'serif' not found because none of the following families were found: Times
findfont: Generic family 'serif' not found because none of the following families were found: Times
findfont: Generic family 'serif' not found because none of the following families were found: Times
findfont: Generic family 'serif' not found because none of the following families were found: Times
findfont: Generic family 'serif' not found because none of the following families were found: Times
findfont: Generic family 'serif' not found because none of the following families were found: Times
findfont: Generic family 'serif' not found because none of the following families were found: Times
findfont: Generic family 'serif' not found because none of the following families were found: Times
findfont: Generic family 'serif' not found because none of the following families were found: Times
findfont: Generic family 'serif' not found because none of the following families were found: Times
findfont: Generic family 'serif' not found because none of the following families were found: Times
findfont: Generic family 'serif' not found because none of the following families were found: Times
findfont: Generic family 'serif' not found because none of the following families were found: Times
findfont: Generic family 'serif' not found because none of the following families were found: Times
findfont: Generic family 'serif' not found because none of the following families were found: Times
findfont: Generic family 'serif' not found because none of the following families were found: Times
findfont: Generic family 'serif' not found because none of the following families were found: Times
findfont: Generic family 'serif' not found because none of the following families were found: Times
findfont: Generic family 'serif' not found because none of the following families were found: Times
findfont: Generic family 'serif' not found because none of the following families were found: Times
findfont: Generic family 'serif' not found because none of the following families were found: Times
findfont: Generic family 'serif' not found because none of the following families were found: Times
findfont: Generic family 'serif' not found because none of the following families were found: Times
findfont: Generic family 'serif' not found because none of the following families were found: Times
findfont: Generic family 'serif' not found because none of the following families were found: Times
findfont: Generic family 'serif' not found because none of the following families were found: Times
findfont: Generic family 'serif' not found because none of the following families were found: Times
findfont: Generic family 'serif' not found because none of the following families were found: Times
findfont: Generic family 'serif' not found because none of the following families were found: Times
findfont: Generic family 'serif' not found because none of the following families were found: Times
findfont: Generic family 'serif' not found because none of the following families were found: Times
findfont: Generic family 'serif' not found because none of the following families were found: Times
findfont: Generic family 'serif' not found because none of the following families were found: Times
findfont: Generic family 'serif' not found because none of the following families were found: Times
findfont: Generic family 'serif' not found because none of the following families were found: Times
findfont: Generic family 'serif' not found because none of the following families were found: Times
findfont: Generic family 'serif' not found because none of the following families were found: Times
findfont: Generic family 'serif' not found because none of the following families were found: Times
findfont: Generic family 'serif' not found because none of the following families were found: Times
findfont: Generic family 'serif' not found because none of the following families were found: Times
findfont: Generic family 'serif' not found because none of the following families were found: Times
findfont: Generic family 'serif' not found because none of the following families were found: Times
findfont: Generic family 'serif' not found because none of the following families were found: Times
findfont: Generic family 'serif' not found because none of the following families were found: Times
findfont: Generic family 'serif' not found because none of the following families were found: Times
findfont: Generic family 'serif' not found because none of the following families were found: Times
findfont: Generic family 'serif' not found because none of the following families were found: Times
findfont: Generic family 'serif' not found because none of the following families were found: Times
findfont: Generic family 'serif' not found because none of the following families were found: Times
findfont: Generic family 'serif' not found because none of the following families were found: Times
findfont: Generic family 'serif' not found because none of the following families were found: Times
findfont: Generic family 'serif' not found because none of the following families were found: Times
findfont: Generic family 'serif' not found because none of the following families were found: Times
findfont: Generic family 'serif' not found because none of the following families were found: Times
findfont: Generic family 'serif' not found because none of the following families were found: Times
findfont: Generic family 'serif' not found because none of the following families were found: Times
findfont: Generic family 'serif' not found because none of the following families were found: Times
findfont: Generic family 'serif' not found because none of the following families were found: Times
findfont: Generic family 'serif' not found because none of the following families were found: Times
findfont: Generic family 'serif' not found because none of the following families were found: Times
findfont: Generic family 'serif' not found because none of the following families were found: Times
findfont: Generic family 'serif' not found because none of the following families were found: Times
findfont: Generic family 'serif' not found because none of the following families were found: Times
findfont: Generic family 'serif' not found because none of the following families were found: Times
findfont: Generic family 'serif' not found because none of the following families were found: Times
findfont: Generic family 'serif' not found because none of the following families were found: Times
findfont: Generic family 'serif' not found because none of the following families were found: Times
findfont: Generic family 'serif' not found because none of the following families were found: Times
findfont: Generic family 'serif' not found because none of the following families were found: Times
findfont: Generic family 'serif' not found because none of the following families were found: Times
findfont: Generic family 'serif' not found because none of the following families were found: Times
findfont: Generic family 'serif' not found because none of the following families were found: Times
findfont: Generic family 'serif' not found because none of the following families were found: Times
findfont: Generic family 'serif' not found because none of the following families were found: Times
findfont: Generic family 'serif' not found because none of the following families were found: Times
findfont: Generic family 'serif' not found because none of the following families were found: Times
findfont: Generic family 'serif' not found because none of the following families were found: Times
findfont: Generic family 'serif' not found because none of the following families were found: Times
findfont: Generic family 'serif' not found because none of the following families were found: Times
findfont: Generic family 'serif' not found because none of the following families were found: Times
findfont: Generic family 'serif' not found because none of the following families were found: Times
findfont: Generic family 'serif' not found because none of the following families were found: Times
findfont: Generic family 'serif' not found because none of the following families were found: Times
findfont: Generic family 'serif' not found because none of the following families were found: Times
findfont: Generic family 'serif' not found because none of the following families were found: Times
findfont: Generic family 'serif' not found because none of the following families were found: Times
findfont: Generic family 'serif' not found because none of the following families were found: Times
findfont: Generic family 'serif' not found because none of the following families were found: Times
findfont: Generic family 'serif' not found because none of the following families were found: Times
findfont: Generic family 'serif' not found because none of the following families were found: Times
findfont: Generic family 'serif' not found because none of the following families were found: Times
findfont: Generic family 'serif' not found because none of the following families were found: Times
findfont: Generic family 'serif' not found because none of the following families were found: Times
findfont: Generic family 'serif' not found because none of the following families were found: Times
findfont: Generic family 'serif' not found because none of the following families were found: Times
findfont: Generic family 'serif' not found because none of the following families were found: Times
findfont: Generic family 'serif' not found because none of the following families were found: Times
findfont: Generic family 'serif' not found because none of the following families were found: Times
findfont: Generic family 'serif' not found because none of the following families were found: Times
findfont: Generic family 'serif' not found because none of the following families were found: Times
findfont: Generic family 'serif' not found because none of the following families were found: Times
findfont: Generic family 'serif' not found because none of the following families were found: Times
findfont: Generic family 'serif' not found because none of the following families were found: Times
findfont: Generic family 'serif' not found because none of the following families were found: Times
findfont: Generic family 'serif' not found because none of the following families were found: Times
findfont: Generic family 'serif' not found because none of the following families were found: Times
findfont: Generic family 'serif' not found because none of the following families were found: Times
findfont: Generic family 'serif' not found because none of the following families were found: Times
findfont: Generic family 'serif' not found because none of the following families were found: Times
findfont: Generic family 'serif' not found because none of the following families were found: Times
findfont: Generic family 'serif' not found because none of the following families were found: Times
findfont: Generic family 'serif' not found because none of the following families were found: Times
findfont: Generic family 'serif' not found because none of the following families were found: Times
findfont: Generic family 'serif' not found because none of the following families were found: Times
findfont: Generic family 'serif' not found because none of the following families were found: Times
findfont: Generic family 'serif' not found because none of the following families were found: Times
findfont: Generic family 'serif' not found because none of the following families were found: Times
findfont: Generic family 'serif' not found because none of the following families were found: Times
findfont: Generic family 'serif' not found because none of the following families were found: Times
findfont: Generic family 'serif' not found because none of the following families were found: Times
findfont: Generic family 'serif' not found because none of the following families were found: Times
findfont: Generic family 'serif' not found because none of the following families were found: Times
findfont: Generic family 'serif' not found because none of the following families were found: Times
findfont: Generic family 'serif' not found because none of the following families were found: Times
findfont: Generic family 'serif' not found because none of the following families were found: Times
findfont: Generic family 'serif' not found because none of the following families were found: Times
findfont: Generic family 'serif' not found because none of the following families were found: Times
findfont: Generic family 'serif' not found because none of the following families were found: Times
findfont: Generic family 'serif' not found because none of the following families were found: Times
findfont: Generic family 'serif' not found because none of the following families were found: Times
findfont: Generic family 'serif' not found because none of the following families were found: Times
findfont: Generic family 'serif' not found because none of the following families were found: Times
findfont: Generic family 'serif' not found because none of the following families were found: Times
findfont: Generic family 'serif' not found because none of the following families were found: Times
findfont: Generic family 'serif' not found because none of the following families were found: Times
findfont: Generic family 'serif' not found because none of the following families were found: Times
findfont: Generic family 'serif' not found because none of the following families were found: Times
findfont: Generic family 'serif' not found because none of the following families were found: Times
findfont: Generic family 'serif' not found because none of the following families were found: Times
findfont: Generic family 'serif' not found because none of the following families were found: Times
findfont: Generic family 'serif' not found because none of the following families were found: Times
findfont: Generic family 'serif' not found because none of the following families were found: Times
findfont: Generic family 'serif' not found because none of the following families were found: Times
findfont: Generic family 'serif' not found because none of the following families were found: Times
findfont: Generic family 'serif' not found because none of the following families were found: Times
findfont: Generic family 'serif' not found because none of the following families were found: Times
findfont: Generic family 'serif' not found because none of the following families were found: Times
findfont: Generic family 'serif' not found because none of the following families were found: Times
findfont: Generic family 'serif' not found because none of the following families were found: Times
findfont: Generic family 'serif' not found because none of the following families were found: Times
findfont: Generic family 'serif' not found because none of the following families were found: Times
findfont: Generic family 'serif' not found because none of the following families were found: Times
findfont: Generic family 'serif' not found because none of the following families were found: Times
findfont: Generic family 'serif' not found because none of the following families were found: Times
findfont: Generic family 'serif' not found because none of the following families were found: Times
findfont: Generic family 'serif' not found because none of the following families were found: Times
findfont: Generic family 'serif' not found because none of the following families were found: Times
findfont: Generic family 'serif' not found because none of the following families were found: Times
findfont: Generic family 'serif' not found because none of the following families were found: Times
findfont: Generic family 'serif' not found because none of the following families were found: Times
findfont: Generic family 'serif' not found because none of the following families were found: Times
findfont: Generic family 'serif' not found because none of the following families were found: Times
findfont: Generic family 'serif' not found because none of the following families were found: Times
NNHolo initialized
File is .txt
best nets not None
best nets not None
best nets not None
best nets not None
best nets not None
best nets not None
inside beg
Actual learning rate:  0.00013397967485796178
0.00013397967485796178
inside end
None
Model succesfully loaded
Model succesfully saved
S_min:  tensor(2.2323e-09, device='cuda:0')
Length of input s(T) curve:  torch.Size([70])
Min loss:  1.1577769399612445e-05
max phi_h=  1.948730197501859
[0.37307171 0.32515644 0.28416844 0.25247366 0.22951771 0.21452411
 0.20760658 0.20778643 0.21469669 0.22706981 0.24435999 0.2667152
 0.29315829 0.32422373 0.36055665 0.40413247 0.46773099 0.51798679
 0.5530853  0.58184676 0.60781114 0.6322571  0.65582342 0.67951138
 0.70417592 0.73615854 0.8555998  0.96346721 1.04035304 1.10305651
 1.15858971 1.21015577 1.25802265 1.30201011 1.34519989 1.38861968
 1.4324137  1.47743463 1.52308546 1.56824062 1.61252349 1.65661405
 1.70596547 1.7912109  1.81490712 1.82851552 1.83814886 1.84543832
 1.85200643 1.85867434 1.86667728 1.87723661 1.89057488 1.90612282
 1.92183884 1.93484    1.94350658 1.94779586 1.9487302  1.9473328
 1.94340556 1.93515461 1.91934604 1.88992482 1.83518901 1.73974002
 1.59962879 1.4277305  1.2321141  0.92152233]
RE 0.2493562751726614
inside beg
Actual learning rate:  0.0001211688163570484
0.0001211688163570484
inside end
1.288559404335 horas
