The following modules were not unloaded:
  (Use "module --force purge" to unload all):

  1) modules/2.3-20240529   2) openblas/single-0.3.26
No artists with labels found to put in legend.  Note that artists whose label start with an underscore are ignored when legend() is called with no argument.
No artists with labels found to put in legend.  Note that artists whose label start with an underscore are ignored when legend() is called with no argument.
No artists with labels found to put in legend.  Note that artists whose label start with an underscore are ignored when legend() is called with no argument.
findfont: Generic family 'serif' not found because none of the following families were found: Times
findfont: Generic family 'serif' not found because none of the following families were found: Times
findfont: Generic family 'serif' not found because none of the following families were found: Times
findfont: Generic family 'serif' not found because none of the following families were found: Times
findfont: Generic family 'serif' not found because none of the following families were found: Times
findfont: Generic family 'serif' not found because none of the following families were found: Times
findfont: Generic family 'serif' not found because none of the following families were found: Times
findfont: Generic family 'serif' not found because none of the following families were found: Times
findfont: Generic family 'serif' not found because none of the following families were found: Times
findfont: Generic family 'serif' not found because none of the following families were found: Times
findfont: Generic family 'serif' not found because none of the following families were found: Times
findfont: Generic family 'serif' not found because none of the following families were found: Times
findfont: Generic family 'serif' not found because none of the following families were found: Times
findfont: Generic family 'serif' not found because none of the following families were found: Times
findfont: Generic family 'serif' not found because none of the following families were found: Times
findfont: Generic family 'serif' not found because none of the following families were found: Times
findfont: Generic family 'serif' not found because none of the following families were found: Times
findfont: Generic family 'serif' not found because none of the following families were found: Times
findfont: Generic family 'serif' not found because none of the following families were found: Times
findfont: Generic family 'serif' not found because none of the following families were found: Times
findfont: Generic family 'serif' not found because none of the following families were found: Times
findfont: Generic family 'serif' not found because none of the following families were found: Times
findfont: Generic family 'serif' not found because none of the following families were found: Times
findfont: Generic family 'serif' not found because none of the following families were found: Times
findfont: Generic family 'serif' not found because none of the following families were found: Times
findfont: Generic family 'serif' not found because none of the following families were found: Times
findfont: Generic family 'serif' not found because none of the following families were found: Times
findfont: Generic family 'serif' not found because none of the following families were found: Times
findfont: Generic family 'serif' not found because none of the following families were found: Times
findfont: Generic family 'serif' not found because none of the following families were found: Times
findfont: Generic family 'serif' not found because none of the following families were found: Times
findfont: Generic family 'serif' not found because none of the following families were found: Times
findfont: Generic family 'serif' not found because none of the following families were found: Times
findfont: Generic family 'serif' not found because none of the following families were found: Times
findfont: Generic family 'serif' not found because none of the following families were found: Times
findfont: Generic family 'serif' not found because none of the following families were found: Times
findfont: Font family ['serif'] not found. Falling back to DejaVu Sans.
findfont: Generic family 'serif' not found because none of the following families were found: Times
findfont: Generic family 'serif' not found because none of the following families were found: Times
findfont: Generic family 'serif' not found because none of the following families were found: Times
findfont: Generic family 'serif' not found because none of the following families were found: Times
findfont: Generic family 'serif' not found because none of the following families were found: Times
findfont: Generic family 'serif' not found because none of the following families were found: Times
findfont: Generic family 'serif' not found because none of the following families were found: Times
findfont: Generic family 'serif' not found because none of the following families were found: Times
findfont: Generic family 'serif' not found because none of the following families were found: Times
findfont: Generic family 'serif' not found because none of the following families were found: Times
findfont: Generic family 'serif' not found because none of the following families were found: Times
findfont: Generic family 'serif' not found because none of the following families were found: Times
findfont: Generic family 'serif' not found because none of the following families were found: Times
findfont: Generic family 'serif' not found because none of the following families were found: Times
findfont: Generic family 'serif' not found because none of the following families were found: Times
findfont: Generic family 'serif' not found because none of the following families were found: Times
findfont: Generic family 'serif' not found because none of the following families were found: Times
findfont: Generic family 'serif' not found because none of the following families were found: Times
findfont: Generic family 'serif' not found because none of the following families were found: Times
findfont: Generic family 'serif' not found because none of the following families were found: Times
findfont: Generic family 'serif' not found because none of the following families were found: Times
findfont: Generic family 'serif' not found because none of the following families were found: Times
findfont: Generic family 'serif' not found because none of the following families were found: Times
findfont: Generic family 'serif' not found because none of the following families were found: Times
findfont: Generic family 'serif' not found because none of the following families were found: Times
findfont: Generic family 'serif' not found because none of the following families were found: Times
findfont: Generic family 'serif' not found because none of the following families were found: Times
findfont: Generic family 'serif' not found because none of the following families were found: Times
findfont: Generic family 'serif' not found because none of the following families were found: Times
findfont: Generic family 'serif' not found because none of the following families were found: Times
findfont: Generic family 'serif' not found because none of the following families were found: Times
findfont: Generic family 'serif' not found because none of the following families were found: Times
findfont: Generic family 'serif' not found because none of the following families were found: Times
findfont: Generic family 'serif' not found because none of the following families were found: Times
findfont: Generic family 'serif' not found because none of the following families were found: Times
findfont: Generic family 'serif' not found because none of the following families were found: Times
findfont: Generic family 'serif' not found because none of the following families were found: Times
findfont: Generic family 'serif' not found because none of the following families were found: Times
findfont: Generic family 'serif' not found because none of the following families were found: Times
findfont: Generic family 'serif' not found because none of the following families were found: Times
findfont: Generic family 'serif' not found because none of the following families were found: Times
findfont: Generic family 'serif' not found because none of the following families were found: Times
findfont: Generic family 'serif' not found because none of the following families were found: Times
findfont: Generic family 'serif' not found because none of the following families were found: Times
findfont: Generic family 'serif' not found because none of the following families were found: Times
findfont: Generic family 'serif' not found because none of the following families were found: Times
findfont: Generic family 'serif' not found because none of the following families were found: Times
findfont: Generic family 'serif' not found because none of the following families were found: Times
findfont: Generic family 'serif' not found because none of the following families were found: Times
findfont: Generic family 'serif' not found because none of the following families were found: Times
findfont: Generic family 'serif' not found because none of the following families were found: Times
findfont: Generic family 'serif' not found because none of the following families were found: Times
findfont: Generic family 'serif' not found because none of the following families were found: Times
findfont: Generic family 'serif' not found because none of the following families were found: Times
findfont: Generic family 'serif' not found because none of the following families were found: Times
findfont: Generic family 'serif' not found because none of the following families were found: Times
findfont: Generic family 'serif' not found because none of the following families were found: Times
findfont: Generic family 'serif' not found because none of the following families were found: Times
findfont: Generic family 'serif' not found because none of the following families were found: Times
findfont: Generic family 'serif' not found because none of the following families were found: Times
findfont: Generic family 'serif' not found because none of the following families were found: Times
findfont: Generic family 'serif' not found because none of the following families were found: Times
findfont: Font family ['serif'] not found. Falling back to DejaVu Sans.
findfont: Generic family 'serif' not found because none of the following families were found: Times
findfont: Generic family 'serif' not found because none of the following families were found: Times
findfont: Generic family 'serif' not found because none of the following families were found: Times
findfont: Generic family 'serif' not found because none of the following families were found: Times
findfont: Generic family 'serif' not found because none of the following families were found: Times
findfont: Generic family 'serif' not found because none of the following families were found: Times
findfont: Generic family 'serif' not found because none of the following families were found: Times
findfont: Generic family 'serif' not found because none of the following families were found: Times
findfont: Generic family 'serif' not found because none of the following families were found: Times
findfont: Generic family 'serif' not found because none of the following families were found: Times
findfont: Generic family 'serif' not found because none of the following families were found: Times
findfont: Generic family 'serif' not found because none of the following families were found: Times
findfont: Generic family 'serif' not found because none of the following families were found: Times
findfont: Generic family 'serif' not found because none of the following families were found: Times
findfont: Generic family 'serif' not found because none of the following families were found: Times
findfont: Generic family 'serif' not found because none of the following families were found: Times
findfont: Generic family 'serif' not found because none of the following families were found: Times
findfont: Generic family 'serif' not found because none of the following families were found: Times
findfont: Generic family 'serif' not found because none of the following families were found: Times
findfont: Generic family 'serif' not found because none of the following families were found: Times
findfont: Generic family 'serif' not found because none of the following families were found: Times
findfont: Generic family 'serif' not found because none of the following families were found: Times
findfont: Generic family 'serif' not found because none of the following families were found: Times
findfont: Generic family 'serif' not found because none of the following families were found: Times
findfont: Generic family 'serif' not found because none of the following families were found: Times
findfont: Generic family 'serif' not found because none of the following families were found: Times
findfont: Generic family 'serif' not found because none of the following families were found: Times
findfont: Generic family 'serif' not found because none of the following families were found: Times
findfont: Generic family 'serif' not found because none of the following families were found: Times
findfont: Generic family 'serif' not found because none of the following families were found: Times
findfont: Generic family 'serif' not found because none of the following families were found: Times
findfont: Generic family 'serif' not found because none of the following families were found: Times
findfont: Generic family 'serif' not found because none of the following families were found: Times
findfont: Generic family 'serif' not found because none of the following families were found: Times
findfont: Generic family 'serif' not found because none of the following families were found: Times
findfont: Generic family 'serif' not found because none of the following families were found: Times
findfont: Generic family 'serif' not found because none of the following families were found: Times
findfont: Generic family 'serif' not found because none of the following families were found: Times
findfont: Generic family 'serif' not found because none of the following families were found: Times
findfont: Generic family 'serif' not found because none of the following families were found: Times
findfont: Generic family 'serif' not found because none of the following families were found: Times
findfont: Generic family 'serif' not found because none of the following families were found: Times
findfont: Generic family 'serif' not found because none of the following families were found: Times
findfont: Generic family 'serif' not found because none of the following families were found: Times
findfont: Generic family 'serif' not found because none of the following families were found: Times
findfont: Generic family 'serif' not found because none of the following families were found: Times
findfont: Generic family 'serif' not found because none of the following families were found: Times
findfont: Generic family 'serif' not found because none of the following families were found: Times
findfont: Generic family 'serif' not found because none of the following families were found: Times
findfont: Generic family 'serif' not found because none of the following families were found: Times
findfont: Generic family 'serif' not found because none of the following families were found: Times
findfont: Generic family 'serif' not found because none of the following families were found: Times
findfont: Generic family 'serif' not found because none of the following families were found: Times
findfont: Generic family 'serif' not found because none of the following families were found: Times
findfont: Generic family 'serif' not found because none of the following families were found: Times
findfont: Generic family 'serif' not found because none of the following families were found: Times
findfont: Generic family 'serif' not found because none of the following families were found: Times
findfont: Generic family 'serif' not found because none of the following families were found: Times
findfont: Generic family 'serif' not found because none of the following families were found: Times
findfont: Generic family 'serif' not found because none of the following families were found: Times
findfont: Generic family 'serif' not found because none of the following families were found: Times
findfont: Generic family 'serif' not found because none of the following families were found: Times
findfont: Generic family 'serif' not found because none of the following families were found: Times
findfont: Generic family 'serif' not found because none of the following families were found: Times
findfont: Generic family 'serif' not found because none of the following families were found: Times
findfont: Generic family 'serif' not found because none of the following families were found: Times
findfont: Generic family 'serif' not found because none of the following families were found: Times
findfont: Generic family 'serif' not found because none of the following families were found: Times
findfont: Generic family 'serif' not found because none of the following families were found: Times
findfont: Generic family 'serif' not found because none of the following families were found: Times
findfont: Generic family 'serif' not found because none of the following families were found: Times
findfont: Generic family 'serif' not found because none of the following families were found: Times
findfont: Generic family 'serif' not found because none of the following families were found: Times
findfont: Generic family 'serif' not found because none of the following families were found: Times
findfont: Generic family 'serif' not found because none of the following families were found: Times
findfont: Generic family 'serif' not found because none of the following families were found: Times
findfont: Generic family 'serif' not found because none of the following families were found: Times
findfont: Generic family 'serif' not found because none of the following families were found: Times
findfont: Generic family 'serif' not found because none of the following families were found: Times
findfont: Generic family 'serif' not found because none of the following families were found: Times
findfont: Generic family 'serif' not found because none of the following families were found: Times
findfont: Generic family 'serif' not found because none of the following families were found: Times
findfont: Generic family 'serif' not found because none of the following families were found: Times
findfont: Generic family 'serif' not found because none of the following families were found: Times
findfont: Generic family 'serif' not found because none of the following families were found: Times
findfont: Generic family 'serif' not found because none of the following families were found: Times
findfont: Generic family 'serif' not found because none of the following families were found: Times
findfont: Generic family 'serif' not found because none of the following families were found: Times
findfont: Generic family 'serif' not found because none of the following families were found: Times
findfont: Generic family 'serif' not found because none of the following families were found: Times
findfont: Generic family 'serif' not found because none of the following families were found: Times
findfont: Generic family 'serif' not found because none of the following families were found: Times
findfont: Generic family 'serif' not found because none of the following families were found: Times
findfont: Generic family 'serif' not found because none of the following families were found: Times
findfont: Generic family 'serif' not found because none of the following families were found: Times
findfont: Generic family 'serif' not found because none of the following families were found: Times
findfont: Generic family 'serif' not found because none of the following families were found: Times
findfont: Generic family 'serif' not found because none of the following families were found: Times
findfont: Generic family 'serif' not found because none of the following families were found: Times
findfont: Generic family 'serif' not found because none of the following families were found: Times
findfont: Generic family 'serif' not found because none of the following families were found: Times
findfont: Generic family 'serif' not found because none of the following families were found: Times
findfont: Generic family 'serif' not found because none of the following families were found: Times
findfont: Generic family 'serif' not found because none of the following families were found: Times
findfont: Generic family 'serif' not found because none of the following families were found: Times
findfont: Generic family 'serif' not found because none of the following families were found: Times
findfont: Generic family 'serif' not found because none of the following families were found: Times
findfont: Generic family 'serif' not found because none of the following families were found: Times
findfont: Generic family 'serif' not found because none of the following families were found: Times
findfont: Generic family 'serif' not found because none of the following families were found: Times
findfont: Generic family 'serif' not found because none of the following families were found: Times
findfont: Generic family 'serif' not found because none of the following families were found: Times
findfont: Generic family 'serif' not found because none of the following families were found: Times
findfont: Generic family 'serif' not found because none of the following families were found: Times
findfont: Generic family 'serif' not found because none of the following families were found: Times
findfont: Generic family 'serif' not found because none of the following families were found: Times
findfont: Generic family 'serif' not found because none of the following families were found: Times
findfont: Generic family 'serif' not found because none of the following families were found: Times
findfont: Generic family 'serif' not found because none of the following families were found: Times
findfont: Generic family 'serif' not found because none of the following families were found: Times
findfont: Generic family 'serif' not found because none of the following families were found: Times
findfont: Generic family 'serif' not found because none of the following families were found: Times
findfont: Generic family 'serif' not found because none of the following families were found: Times
findfont: Generic family 'serif' not found because none of the following families were found: Times
findfont: Generic family 'serif' not found because none of the following families were found: Times
findfont: Generic family 'serif' not found because none of the following families were found: Times
findfont: Generic family 'serif' not found because none of the following families were found: Times
findfont: Generic family 'serif' not found because none of the following families were found: Times
findfont: Generic family 'serif' not found because none of the following families were found: Times
findfont: Generic family 'serif' not found because none of the following families were found: Times
findfont: Generic family 'serif' not found because none of the following families were found: Times
findfont: Generic family 'serif' not found because none of the following families were found: Times
findfont: Generic family 'serif' not found because none of the following families were found: Times
findfont: Generic family 'serif' not found because none of the following families were found: Times
findfont: Generic family 'serif' not found because none of the following families were found: Times
findfont: Generic family 'serif' not found because none of the following families were found: Times
findfont: Generic family 'serif' not found because none of the following families were found: Times
findfont: Generic family 'serif' not found because none of the following families were found: Times
findfont: Generic family 'serif' not found because none of the following families were found: Times
findfont: Generic family 'serif' not found because none of the following families were found: Times
findfont: Generic family 'serif' not found because none of the following families were found: Times
findfont: Generic family 'serif' not found because none of the following families were found: Times
findfont: Generic family 'serif' not found because none of the following families were found: Times
findfont: Generic family 'serif' not found because none of the following families were found: Times
findfont: Generic family 'serif' not found because none of the following families were found: Times
findfont: Generic family 'serif' not found because none of the following families were found: Times
findfont: Generic family 'serif' not found because none of the following families were found: Times
findfont: Generic family 'serif' not found because none of the following families were found: Times
findfont: Generic family 'serif' not found because none of the following families were found: Times
findfont: Generic family 'serif' not found because none of the following families were found: Times
findfont: Generic family 'serif' not found because none of the following families were found: Times
findfont: Generic family 'serif' not found because none of the following families were found: Times
findfont: Generic family 'serif' not found because none of the following families were found: Times
findfont: Generic family 'serif' not found because none of the following families were found: Times
findfont: Generic family 'serif' not found because none of the following families were found: Times
findfont: Generic family 'serif' not found because none of the following families were found: Times
findfont: Generic family 'serif' not found because none of the following families were found: Times
findfont: Generic family 'serif' not found because none of the following families were found: Times
findfont: Generic family 'serif' not found because none of the following families were found: Times
findfont: Generic family 'serif' not found because none of the following families were found: Times
findfont: Generic family 'serif' not found because none of the following families were found: Times
findfont: Generic family 'serif' not found because none of the following families were found: Times
findfont: Generic family 'serif' not found because none of the following families were found: Times
findfont: Generic family 'serif' not found because none of the following families were found: Times
findfont: Generic family 'serif' not found because none of the following families were found: Times
findfont: Generic family 'serif' not found because none of the following families were found: Times
findfont: Generic family 'serif' not found because none of the following families were found: Times
findfont: Generic family 'serif' not found because none of the following families were found: Times
findfont: Generic family 'serif' not found because none of the following families were found: Times
findfont: Generic family 'serif' not found because none of the following families were found: Times
findfont: Generic family 'serif' not found because none of the following families were found: Times
findfont: Generic family 'serif' not found because none of the following families were found: Times
findfont: Generic family 'serif' not found because none of the following families were found: Times
findfont: Generic family 'serif' not found because none of the following families were found: Times
findfont: Generic family 'serif' not found because none of the following families were found: Times
findfont: Generic family 'serif' not found because none of the following families were found: Times
findfont: Generic family 'serif' not found because none of the following families were found: Times
findfont: Generic family 'serif' not found because none of the following families were found: Times
findfont: Generic family 'serif' not found because none of the following families were found: Times
findfont: Generic family 'serif' not found because none of the following families were found: Times
findfont: Generic family 'serif' not found because none of the following families were found: Times
findfont: Generic family 'serif' not found because none of the following families were found: Times
findfont: Generic family 'serif' not found because none of the following families were found: Times
findfont: Generic family 'serif' not found because none of the following families were found: Times
findfont: Generic family 'serif' not found because none of the following families were found: Times
findfont: Generic family 'serif' not found because none of the following families were found: Times
findfont: Generic family 'serif' not found because none of the following families were found: Times
findfont: Generic family 'serif' not found because none of the following families were found: Times
findfont: Generic family 'serif' not found because none of the following families were found: Times
findfont: Generic family 'serif' not found because none of the following families were found: Times
findfont: Generic family 'serif' not found because none of the following families were found: Times
findfont: Generic family 'serif' not found because none of the following families were found: Times
findfont: Generic family 'serif' not found because none of the following families were found: Times
findfont: Generic family 'serif' not found because none of the following families were found: Times
findfont: Generic family 'serif' not found because none of the following families were found: Times
findfont: Generic family 'serif' not found because none of the following families were found: Times
findfont: Generic family 'serif' not found because none of the following families were found: Times
findfont: Generic family 'serif' not found because none of the following families were found: Times
findfont: Generic family 'serif' not found because none of the following families were found: Times
findfont: Generic family 'serif' not found because none of the following families were found: Times
findfont: Generic family 'serif' not found because none of the following families were found: Times
findfont: Generic family 'serif' not found because none of the following families were found: Times
findfont: Generic family 'serif' not found because none of the following families were found: Times
findfont: Generic family 'serif' not found because none of the following families were found: Times
findfont: Generic family 'serif' not found because none of the following families were found: Times
findfont: Generic family 'serif' not found because none of the following families were found: Times
findfont: Generic family 'serif' not found because none of the following families were found: Times
findfont: Generic family 'serif' not found because none of the following families were found: Times
findfont: Generic family 'serif' not found because none of the following families were found: Times
findfont: Generic family 'serif' not found because none of the following families were found: Times
findfont: Generic family 'serif' not found because none of the following families were found: Times
findfont: Generic family 'serif' not found because none of the following families were found: Times
findfont: Generic family 'serif' not found because none of the following families were found: Times
findfont: Generic family 'serif' not found because none of the following families were found: Times
findfont: Generic family 'serif' not found because none of the following families were found: Times
findfont: Generic family 'serif' not found because none of the following families were found: Times
findfont: Generic family 'serif' not found because none of the following families were found: Times
findfont: Generic family 'serif' not found because none of the following families were found: Times
findfont: Generic family 'serif' not found because none of the following families were found: Times
findfont: Generic family 'serif' not found because none of the following families were found: Times
findfont: Generic family 'serif' not found because none of the following families were found: Times
findfont: Generic family 'serif' not found because none of the following families were found: Times
findfont: Generic family 'serif' not found because none of the following families were found: Times
findfont: Generic family 'serif' not found because none of the following families were found: Times
findfont: Generic family 'serif' not found because none of the following families were found: Times
findfont: Generic family 'serif' not found because none of the following families were found: Times
findfont: Generic family 'serif' not found because none of the following families were found: Times
findfont: Generic family 'serif' not found because none of the following families were found: Times
findfont: Generic family 'serif' not found because none of the following families were found: Times
findfont: Generic family 'serif' not found because none of the following families were found: Times
findfont: Generic family 'serif' not found because none of the following families were found: Times
findfont: Generic family 'serif' not found because none of the following families were found: Times
findfont: Generic family 'serif' not found because none of the following families were found: Times
findfont: Generic family 'serif' not found because none of the following families were found: Times
findfont: Generic family 'serif' not found because none of the following families were found: Times
findfont: Generic family 'serif' not found because none of the following families were found: Times
findfont: Generic family 'serif' not found because none of the following families were found: Times
findfont: Generic family 'serif' not found because none of the following families were found: Times
findfont: Generic family 'serif' not found because none of the following families were found: Times
findfont: Generic family 'serif' not found because none of the following families were found: Times
findfont: Generic family 'serif' not found because none of the following families were found: Times
findfont: Generic family 'serif' not found because none of the following families were found: Times
findfont: Generic family 'serif' not found because none of the following families were found: Times
findfont: Generic family 'serif' not found because none of the following families were found: Times
findfont: Generic family 'serif' not found because none of the following families were found: Times
findfont: Generic family 'serif' not found because none of the following families were found: Times
findfont: Generic family 'serif' not found because none of the following families were found: Times
findfont: Generic family 'serif' not found because none of the following families were found: Times
findfont: Generic family 'serif' not found because none of the following families were found: Times
findfont: Generic family 'serif' not found because none of the following families were found: Times
findfont: Generic family 'serif' not found because none of the following families were found: Times
findfont: Generic family 'serif' not found because none of the following families were found: Times
findfont: Generic family 'serif' not found because none of the following families were found: Times
findfont: Generic family 'serif' not found because none of the following families were found: Times
findfont: Generic family 'serif' not found because none of the following families were found: Times
findfont: Generic family 'serif' not found because none of the following families were found: Times
findfont: Generic family 'serif' not found because none of the following families were found: Times
findfont: Generic family 'serif' not found because none of the following families were found: Times
findfont: Generic family 'serif' not found because none of the following families were found: Times
findfont: Generic family 'serif' not found because none of the following families were found: Times
findfont: Generic family 'serif' not found because none of the following families were found: Times
findfont: Generic family 'serif' not found because none of the following families were found: Times
findfont: Generic family 'serif' not found because none of the following families were found: Times
findfont: Generic family 'serif' not found because none of the following families were found: Times
findfont: Generic family 'serif' not found because none of the following families were found: Times
findfont: Generic family 'serif' not found because none of the following families were found: Times
findfont: Generic family 'serif' not found because none of the following families were found: Times
findfont: Generic family 'serif' not found because none of the following families were found: Times
findfont: Generic family 'serif' not found because none of the following families were found: Times
findfont: Generic family 'serif' not found because none of the following families were found: Times
findfont: Generic family 'serif' not found because none of the following families were found: Times
findfont: Generic family 'serif' not found because none of the following families were found: Times
findfont: Generic family 'serif' not found because none of the following families were found: Times
findfont: Generic family 'serif' not found because none of the following families were found: Times
findfont: Generic family 'serif' not found because none of the following families were found: Times
findfont: Generic family 'serif' not found because none of the following families were found: Times
findfont: Generic family 'serif' not found because none of the following families were found: Times
findfont: Generic family 'serif' not found because none of the following families were found: Times
findfont: Generic family 'serif' not found because none of the following families were found: Times
findfont: Generic family 'serif' not found because none of the following families were found: Times
findfont: Generic family 'serif' not found because none of the following families were found: Times
findfont: Generic family 'serif' not found because none of the following families were found: Times
findfont: Generic family 'serif' not found because none of the following families were found: Times
findfont: Generic family 'serif' not found because none of the following families were found: Times
findfont: Generic family 'serif' not found because none of the following families were found: Times
findfont: Generic family 'serif' not found because none of the following families were found: Times
findfont: Generic family 'serif' not found because none of the following families were found: Times
findfont: Generic family 'serif' not found because none of the following families were found: Times
findfont: Generic family 'serif' not found because none of the following families were found: Times
findfont: Generic family 'serif' not found because none of the following families were found: Times
findfont: Generic family 'serif' not found because none of the following families were found: Times
findfont: Generic family 'serif' not found because none of the following families were found: Times
findfont: Generic family 'serif' not found because none of the following families were found: Times
findfont: Generic family 'serif' not found because none of the following families were found: Times
findfont: Generic family 'serif' not found because none of the following families were found: Times
findfont: Generic family 'serif' not found because none of the following families were found: Times
findfont: Generic family 'serif' not found because none of the following families were found: Times
findfont: Generic family 'serif' not found because none of the following families were found: Times
findfont: Generic family 'serif' not found because none of the following families were found: Times
findfont: Generic family 'serif' not found because none of the following families were found: Times
findfont: Generic family 'serif' not found because none of the following families were found: Times
findfont: Generic family 'serif' not found because none of the following families were found: Times
findfont: Generic family 'serif' not found because none of the following families were found: Times
findfont: Generic family 'serif' not found because none of the following families were found: Times
findfont: Generic family 'serif' not found because none of the following families were found: Times
findfont: Generic family 'serif' not found because none of the following families were found: Times
findfont: Generic family 'serif' not found because none of the following families were found: Times
findfont: Generic family 'serif' not found because none of the following families were found: Times
findfont: Generic family 'serif' not found because none of the following families were found: Times
findfont: Generic family 'serif' not found because none of the following families were found: Times
findfont: Generic family 'serif' not found because none of the following families were found: Times
findfont: Generic family 'serif' not found because none of the following families were found: Times
findfont: Generic family 'serif' not found because none of the following families were found: Times
findfont: Generic family 'serif' not found because none of the following families were found: Times
findfont: Generic family 'serif' not found because none of the following families were found: Times
findfont: Generic family 'serif' not found because none of the following families were found: Times
findfont: Generic family 'serif' not found because none of the following families were found: Times
findfont: Generic family 'serif' not found because none of the following families were found: Times
findfont: Generic family 'serif' not found because none of the following families were found: Times
findfont: Generic family 'serif' not found because none of the following families were found: Times
findfont: Generic family 'serif' not found because none of the following families were found: Times
findfont: Generic family 'serif' not found because none of the following families were found: Times
findfont: Generic family 'serif' not found because none of the following families were found: Times
findfont: Generic family 'serif' not found because none of the following families were found: Times
findfont: Generic family 'serif' not found because none of the following families were found: Times
findfont: Generic family 'serif' not found because none of the following families were found: Times
findfont: Generic family 'serif' not found because none of the following families were found: Times
findfont: Generic family 'serif' not found because none of the following families were found: Times
findfont: Generic family 'serif' not found because none of the following families were found: Times
findfont: Generic family 'serif' not found because none of the following families were found: Times
findfont: Generic family 'serif' not found because none of the following families were found: Times
findfont: Generic family 'serif' not found because none of the following families were found: Times
findfont: Generic family 'serif' not found because none of the following families were found: Times
findfont: Generic family 'serif' not found because none of the following families were found: Times
findfont: Generic family 'serif' not found because none of the following families were found: Times
findfont: Generic family 'serif' not found because none of the following families were found: Times
findfont: Generic family 'serif' not found because none of the following families were found: Times
findfont: Generic family 'serif' not found because none of the following families were found: Times
findfont: Generic family 'serif' not found because none of the following families were found: Times
findfont: Generic family 'serif' not found because none of the following families were found: Times
findfont: Generic family 'serif' not found because none of the following families were found: Times
findfont: Generic family 'serif' not found because none of the following families were found: Times
findfont: Generic family 'serif' not found because none of the following families were found: Times
findfont: Generic family 'serif' not found because none of the following families were found: Times
findfont: Generic family 'serif' not found because none of the following families were found: Times
findfont: Generic family 'serif' not found because none of the following families were found: Times
findfont: Generic family 'serif' not found because none of the following families were found: Times
findfont: Generic family 'serif' not found because none of the following families were found: Times
findfont: Generic family 'serif' not found because none of the following families were found: Times
findfont: Generic family 'serif' not found because none of the following families were found: Times
findfont: Generic family 'serif' not found because none of the following families were found: Times
findfont: Generic family 'serif' not found because none of the following families were found: Times
findfont: Generic family 'serif' not found because none of the following families were found: Times
findfont: Generic family 'serif' not found because none of the following families were found: Times
findfont: Generic family 'serif' not found because none of the following families were found: Times
findfont: Generic family 'serif' not found because none of the following families were found: Times
findfont: Generic family 'serif' not found because none of the following families were found: Times
findfont: Generic family 'serif' not found because none of the following families were found: Times
findfont: Generic family 'serif' not found because none of the following families were found: Times
findfont: Generic family 'serif' not found because none of the following families were found: Times
findfont: Generic family 'serif' not found because none of the following families were found: Times
findfont: Generic family 'serif' not found because none of the following families were found: Times
findfont: Generic family 'serif' not found because none of the following families were found: Times
findfont: Generic family 'serif' not found because none of the following families were found: Times
findfont: Generic family 'serif' not found because none of the following families were found: Times
findfont: Generic family 'serif' not found because none of the following families were found: Times
findfont: Generic family 'serif' not found because none of the following families were found: Times
findfont: Generic family 'serif' not found because none of the following families were found: Times
findfont: Generic family 'serif' not found because none of the following families were found: Times
findfont: Generic family 'serif' not found because none of the following families were found: Times
findfont: Generic family 'serif' not found because none of the following families were found: Times
findfont: Generic family 'serif' not found because none of the following families were found: Times
findfont: Generic family 'serif' not found because none of the following families were found: Times
findfont: Generic family 'serif' not found because none of the following families were found: Times
findfont: Generic family 'serif' not found because none of the following families were found: Times
findfont: Generic family 'serif' not found because none of the following families were found: Times
findfont: Generic family 'serif' not found because none of the following families were found: Times
findfont: Generic family 'serif' not found because none of the following families were found: Times
findfont: Generic family 'serif' not found because none of the following families were found: Times
findfont: Generic family 'serif' not found because none of the following families were found: Times
findfont: Generic family 'serif' not found because none of the following families were found: Times
findfont: Generic family 'serif' not found because none of the following families were found: Times
findfont: Generic family 'serif' not found because none of the following families were found: Times
findfont: Generic family 'serif' not found because none of the following families were found: Times
findfont: Generic family 'serif' not found because none of the following families were found: Times
findfont: Generic family 'serif' not found because none of the following families were found: Times
findfont: Generic family 'serif' not found because none of the following families were found: Times
findfont: Generic family 'serif' not found because none of the following families were found: Times
findfont: Generic family 'serif' not found because none of the following families were found: Times
findfont: Generic family 'serif' not found because none of the following families were found: Times
findfont: Generic family 'serif' not found because none of the following families were found: Times
findfont: Generic family 'serif' not found because none of the following families were found: Times
findfont: Generic family 'serif' not found because none of the following families were found: Times
findfont: Generic family 'serif' not found because none of the following families were found: Times
findfont: Generic family 'serif' not found because none of the following families were found: Times
findfont: Generic family 'serif' not found because none of the following families were found: Times
findfont: Generic family 'serif' not found because none of the following families were found: Times
findfont: Generic family 'serif' not found because none of the following families were found: Times
findfont: Generic family 'serif' not found because none of the following families were found: Times
findfont: Generic family 'serif' not found because none of the following families were found: Times
findfont: Generic family 'serif' not found because none of the following families were found: Times
findfont: Generic family 'serif' not found because none of the following families were found: Times
findfont: Generic family 'serif' not found because none of the following families were found: Times
findfont: Generic family 'serif' not found because none of the following families were found: Times
findfont: Generic family 'serif' not found because none of the following families were found: Times
findfont: Generic family 'serif' not found because none of the following families were found: Times
findfont: Generic family 'serif' not found because none of the following families were found: Times
findfont: Generic family 'serif' not found because none of the following families were found: Times
findfont: Generic family 'serif' not found because none of the following families were found: Times
findfont: Generic family 'serif' not found because none of the following families were found: Times
findfont: Generic family 'serif' not found because none of the following families were found: Times
findfont: Generic family 'serif' not found because none of the following families were found: Times
findfont: Generic family 'serif' not found because none of the following families were found: Times
findfont: Generic family 'serif' not found because none of the following families were found: Times
findfont: Generic family 'serif' not found because none of the following families were found: Times
findfont: Generic family 'serif' not found because none of the following families were found: Times
findfont: Generic family 'serif' not found because none of the following families were found: Times
findfont: Generic family 'serif' not found because none of the following families were found: Times
findfont: Generic family 'serif' not found because none of the following families were found: Times
findfont: Generic family 'serif' not found because none of the following families were found: Times
findfont: Generic family 'serif' not found because none of the following families were found: Times
findfont: Generic family 'serif' not found because none of the following families were found: Times
findfont: Generic family 'serif' not found because none of the following families were found: Times
findfont: Generic family 'serif' not found because none of the following families were found: Times
findfont: Generic family 'serif' not found because none of the following families were found: Times
findfont: Generic family 'serif' not found because none of the following families were found: Times
findfont: Generic family 'serif' not found because none of the following families were found: Times
findfont: Generic family 'serif' not found because none of the following families were found: Times
findfont: Generic family 'serif' not found because none of the following families were found: Times
findfont: Generic family 'serif' not found because none of the following families were found: Times
findfont: Generic family 'serif' not found because none of the following families were found: Times
findfont: Generic family 'serif' not found because none of the following families were found: Times
findfont: Generic family 'serif' not found because none of the following families were found: Times
findfont: Generic family 'serif' not found because none of the following families were found: Times
findfont: Generic family 'serif' not found because none of the following families were found: Times
findfont: Generic family 'serif' not found because none of the following families were found: Times
findfont: Generic family 'serif' not found because none of the following families were found: Times
findfont: Generic family 'serif' not found because none of the following families were found: Times
findfont: Generic family 'serif' not found because none of the following families were found: Times
findfont: Generic family 'serif' not found because none of the following families were found: Times
findfont: Generic family 'serif' not found because none of the following families were found: Times
findfont: Generic family 'serif' not found because none of the following families were found: Times
findfont: Generic family 'serif' not found because none of the following families were found: Times
findfont: Generic family 'serif' not found because none of the following families were found: Times
findfont: Generic family 'serif' not found because none of the following families were found: Times
findfont: Generic family 'serif' not found because none of the following families were found: Times
findfont: Generic family 'serif' not found because none of the following families were found: Times
findfont: Generic family 'serif' not found because none of the following families were found: Times
findfont: Generic family 'serif' not found because none of the following families were found: Times
findfont: Generic family 'serif' not found because none of the following families were found: Times
findfont: Generic family 'serif' not found because none of the following families were found: Times
findfont: Generic family 'serif' not found because none of the following families were found: Times
findfont: Generic family 'serif' not found because none of the following families were found: Times
findfont: Generic family 'serif' not found because none of the following families were found: Times
findfont: Generic family 'serif' not found because none of the following families were found: Times
findfont: Generic family 'serif' not found because none of the following families were found: Times
findfont: Generic family 'serif' not found because none of the following families were found: Times
findfont: Generic family 'serif' not found because none of the following families were found: Times
findfont: Generic family 'serif' not found because none of the following families were found: Times
findfont: Generic family 'serif' not found because none of the following families were found: Times
findfont: Generic family 'serif' not found because none of the following families were found: Times
findfont: Generic family 'serif' not found because none of the following families were found: Times
findfont: Generic family 'serif' not found because none of the following families were found: Times
findfont: Generic family 'serif' not found because none of the following families were found: Times
findfont: Generic family 'serif' not found because none of the following families were found: Times
findfont: Generic family 'serif' not found because none of the following families were found: Times
findfont: Generic family 'serif' not found because none of the following families were found: Times
findfont: Generic family 'serif' not found because none of the following families were found: Times
findfont: Generic family 'serif' not found because none of the following families were found: Times
findfont: Generic family 'serif' not found because none of the following families were found: Times
findfont: Generic family 'serif' not found because none of the following families were found: Times
findfont: Generic family 'serif' not found because none of the following families were found: Times
findfont: Generic family 'serif' not found because none of the following families were found: Times
findfont: Generic family 'serif' not found because none of the following families were found: Times
findfont: Generic family 'serif' not found because none of the following families were found: Times
findfont: Generic family 'serif' not found because none of the following families were found: Times
findfont: Generic family 'serif' not found because none of the following families were found: Times
findfont: Generic family 'serif' not found because none of the following families were found: Times
findfont: Generic family 'serif' not found because none of the following families were found: Times
findfont: Generic family 'serif' not found because none of the following families were found: Times
findfont: Generic family 'serif' not found because none of the following families were found: Times
findfont: Generic family 'serif' not found because none of the following families were found: Times
findfont: Generic family 'serif' not found because none of the following families were found: Times
findfont: Generic family 'serif' not found because none of the following families were found: Times
findfont: Generic family 'serif' not found because none of the following families were found: Times
findfont: Generic family 'serif' not found because none of the following families were found: Times
findfont: Generic family 'serif' not found because none of the following families were found: Times
findfont: Generic family 'serif' not found because none of the following families were found: Times
findfont: Generic family 'serif' not found because none of the following families were found: Times
findfont: Generic family 'serif' not found because none of the following families were found: Times
findfont: Generic family 'serif' not found because none of the following families were found: Times
findfont: Generic family 'serif' not found because none of the following families were found: Times
findfont: Generic family 'serif' not found because none of the following families were found: Times
findfont: Generic family 'serif' not found because none of the following families were found: Times
findfont: Generic family 'serif' not found because none of the following families were found: Times
findfont: Generic family 'serif' not found because none of the following families were found: Times
findfont: Generic family 'serif' not found because none of the following families were found: Times
findfont: Generic family 'serif' not found because none of the following families were found: Times
findfont: Generic family 'serif' not found because none of the following families were found: Times
findfont: Generic family 'serif' not found because none of the following families were found: Times
findfont: Generic family 'serif' not found because none of the following families were found: Times
findfont: Generic family 'serif' not found because none of the following families were found: Times
findfont: Generic family 'serif' not found because none of the following families were found: Times
findfont: Generic family 'serif' not found because none of the following families were found: Times
findfont: Generic family 'serif' not found because none of the following families were found: Times
findfont: Generic family 'serif' not found because none of the following families were found: Times
findfont: Generic family 'serif' not found because none of the following families were found: Times
findfont: Generic family 'serif' not found because none of the following families were found: Times
findfont: Generic family 'serif' not found because none of the following families were found: Times
findfont: Generic family 'serif' not found because none of the following families were found: Times
findfont: Generic family 'serif' not found because none of the following families were found: Times
findfont: Generic family 'serif' not found because none of the following families were found: Times
findfont: Generic family 'serif' not found because none of the following families were found: Times
findfont: Generic family 'serif' not found because none of the following families were found: Times
findfont: Generic family 'serif' not found because none of the following families were found: Times
findfont: Generic family 'serif' not found because none of the following families were found: Times
findfont: Generic family 'serif' not found because none of the following families were found: Times
findfont: Generic family 'serif' not found because none of the following families were found: Times
findfont: Generic family 'serif' not found because none of the following families were found: Times
findfont: Generic family 'serif' not found because none of the following families were found: Times
findfont: Generic family 'serif' not found because none of the following families were found: Times
findfont: Generic family 'serif' not found because none of the following families were found: Times
findfont: Generic family 'serif' not found because none of the following families were found: Times
findfont: Generic family 'serif' not found because none of the following families were found: Times
findfont: Generic family 'serif' not found because none of the following families were found: Times
findfont: Generic family 'serif' not found because none of the following families were found: Times
findfont: Generic family 'serif' not found because none of the following families were found: Times
findfont: Generic family 'serif' not found because none of the following families were found: Times
findfont: Generic family 'serif' not found because none of the following families were found: Times
findfont: Generic family 'serif' not found because none of the following families were found: Times
findfont: Generic family 'serif' not found because none of the following families were found: Times
findfont: Generic family 'serif' not found because none of the following families were found: Times
findfont: Generic family 'serif' not found because none of the following families were found: Times
findfont: Generic family 'serif' not found because none of the following families were found: Times
findfont: Generic family 'serif' not found because none of the following families were found: Times
findfont: Generic family 'serif' not found because none of the following families were found: Times
findfont: Generic family 'serif' not found because none of the following families were found: Times
findfont: Generic family 'serif' not found because none of the following families were found: Times
findfont: Generic family 'serif' not found because none of the following families were found: Times
findfont: Generic family 'serif' not found because none of the following families were found: Times
findfont: Generic family 'serif' not found because none of the following families were found: Times
findfont: Generic family 'serif' not found because none of the following families were found: Times
findfont: Generic family 'serif' not found because none of the following families were found: Times
findfont: Generic family 'serif' not found because none of the following families were found: Times
findfont: Generic family 'serif' not found because none of the following families were found: Times
findfont: Generic family 'serif' not found because none of the following families were found: Times
findfont: Generic family 'serif' not found because none of the following families were found: Times
findfont: Generic family 'serif' not found because none of the following families were found: Times
findfont: Generic family 'serif' not found because none of the following families were found: Times
findfont: Generic family 'serif' not found because none of the following families were found: Times
findfont: Generic family 'serif' not found because none of the following families were found: Times
findfont: Generic family 'serif' not found because none of the following families were found: Times
findfont: Generic family 'serif' not found because none of the following families were found: Times
findfont: Generic family 'serif' not found because none of the following families were found: Times
findfont: Generic family 'serif' not found because none of the following families were found: Times
findfont: Generic family 'serif' not found because none of the following families were found: Times
findfont: Generic family 'serif' not found because none of the following families were found: Times
findfont: Generic family 'serif' not found because none of the following families were found: Times
findfont: Generic family 'serif' not found because none of the following families were found: Times
findfont: Generic family 'serif' not found because none of the following families were found: Times
findfont: Generic family 'serif' not found because none of the following families were found: Times
findfont: Generic family 'serif' not found because none of the following families were found: Times
findfont: Generic family 'serif' not found because none of the following families were found: Times
findfont: Generic family 'serif' not found because none of the following families were found: Times
findfont: Generic family 'serif' not found because none of the following families were found: Times
findfont: Generic family 'serif' not found because none of the following families were found: Times
findfont: Generic family 'serif' not found because none of the following families were found: Times
findfont: Generic family 'serif' not found because none of the following families were found: Times
findfont: Generic family 'serif' not found because none of the following families were found: Times
findfont: Generic family 'serif' not found because none of the following families were found: Times
findfont: Generic family 'serif' not found because none of the following families were found: Times
findfont: Generic family 'serif' not found because none of the following families were found: Times
findfont: Generic family 'serif' not found because none of the following families were found: Times
findfont: Generic family 'serif' not found because none of the following families were found: Times
findfont: Generic family 'serif' not found because none of the following families were found: Times
findfont: Generic family 'serif' not found because none of the following families were found: Times
findfont: Generic family 'serif' not found because none of the following families were found: Times
findfont: Generic family 'serif' not found because none of the following families were found: Times
findfont: Generic family 'serif' not found because none of the following families were found: Times
findfont: Generic family 'serif' not found because none of the following families were found: Times
findfont: Generic family 'serif' not found because none of the following families were found: Times
findfont: Generic family 'serif' not found because none of the following families were found: Times
findfont: Generic family 'serif' not found because none of the following families were found: Times
findfont: Generic family 'serif' not found because none of the following families were found: Times
findfont: Generic family 'serif' not found because none of the following families were found: Times
findfont: Generic family 'serif' not found because none of the following families were found: Times
findfont: Generic family 'serif' not found because none of the following families were found: Times
findfont: Generic family 'serif' not found because none of the following families were found: Times
findfont: Generic family 'serif' not found because none of the following families were found: Times
findfont: Generic family 'serif' not found because none of the following families were found: Times
findfont: Generic family 'serif' not found because none of the following families were found: Times
findfont: Generic family 'serif' not found because none of the following families were found: Times
findfont: Generic family 'serif' not found because none of the following families were found: Times
findfont: Generic family 'serif' not found because none of the following families were found: Times
findfont: Generic family 'serif' not found because none of the following families were found: Times
findfont: Generic family 'serif' not found because none of the following families were found: Times
findfont: Generic family 'serif' not found because none of the following families were found: Times
findfont: Generic family 'serif' not found because none of the following families were found: Times
findfont: Generic family 'serif' not found because none of the following families were found: Times
findfont: Generic family 'serif' not found because none of the following families were found: Times
findfont: Generic family 'serif' not found because none of the following families were found: Times
findfont: Generic family 'serif' not found because none of the following families were found: Times
findfont: Generic family 'serif' not found because none of the following families were found: Times
findfont: Generic family 'serif' not found because none of the following families were found: Times
findfont: Generic family 'serif' not found because none of the following families were found: Times
findfont: Generic family 'serif' not found because none of the following families were found: Times
findfont: Generic family 'serif' not found because none of the following families were found: Times
findfont: Generic family 'serif' not found because none of the following families were found: Times
findfont: Generic family 'serif' not found because none of the following families were found: Times
findfont: Generic family 'serif' not found because none of the following families were found: Times
findfont: Generic family 'serif' not found because none of the following families were found: Times
findfont: Generic family 'serif' not found because none of the following families were found: Times
findfont: Generic family 'serif' not found because none of the following families were found: Times
findfont: Generic family 'serif' not found because none of the following families were found: Times
findfont: Generic family 'serif' not found because none of the following families were found: Times
findfont: Generic family 'serif' not found because none of the following families were found: Times
findfont: Generic family 'serif' not found because none of the following families were found: Times
findfont: Generic family 'serif' not found because none of the following families were found: Times
findfont: Generic family 'serif' not found because none of the following families were found: Times
findfont: Generic family 'serif' not found because none of the following families were found: Times
findfont: Generic family 'serif' not found because none of the following families were found: Times
findfont: Generic family 'serif' not found because none of the following families were found: Times
findfont: Generic family 'serif' not found because none of the following families were found: Times
findfont: Generic family 'serif' not found because none of the following families were found: Times
findfont: Generic family 'serif' not found because none of the following families were found: Times
findfont: Generic family 'serif' not found because none of the following families were found: Times
findfont: Generic family 'serif' not found because none of the following families were found: Times
findfont: Generic family 'serif' not found because none of the following families were found: Times
findfont: Generic family 'serif' not found because none of the following families were found: Times
findfont: Generic family 'serif' not found because none of the following families were found: Times
findfont: Generic family 'serif' not found because none of the following families were found: Times
findfont: Generic family 'serif' not found because none of the following families were found: Times
findfont: Generic family 'serif' not found because none of the following families were found: Times
findfont: Generic family 'serif' not found because none of the following families were found: Times
findfont: Generic family 'serif' not found because none of the following families were found: Times
findfont: Generic family 'serif' not found because none of the following families were found: Times
findfont: Generic family 'serif' not found because none of the following families were found: Times
findfont: Generic family 'serif' not found because none of the following families were found: Times
findfont: Generic family 'serif' not found because none of the following families were found: Times
findfont: Generic family 'serif' not found because none of the following families were found: Times
findfont: Generic family 'serif' not found because none of the following families were found: Times
findfont: Generic family 'serif' not found because none of the following families were found: Times
findfont: Generic family 'serif' not found because none of the following families were found: Times
findfont: Generic family 'serif' not found because none of the following families were found: Times
findfont: Generic family 'serif' not found because none of the following families were found: Times
findfont: Generic family 'serif' not found because none of the following families were found: Times
findfont: Generic family 'serif' not found because none of the following families were found: Times
findfont: Generic family 'serif' not found because none of the following families were found: Times
findfont: Generic family 'serif' not found because none of the following families were found: Times
findfont: Generic family 'serif' not found because none of the following families were found: Times
findfont: Generic family 'serif' not found because none of the following families were found: Times
findfont: Generic family 'serif' not found because none of the following families were found: Times
findfont: Generic family 'serif' not found because none of the following families were found: Times
findfont: Generic family 'serif' not found because none of the following families were found: Times
findfont: Generic family 'serif' not found because none of the following families were found: Times
findfont: Generic family 'serif' not found because none of the following families were found: Times
findfont: Generic family 'serif' not found because none of the following families were found: Times
findfont: Generic family 'serif' not found because none of the following families were found: Times
findfont: Generic family 'serif' not found because none of the following families were found: Times
findfont: Generic family 'serif' not found because none of the following families were found: Times
findfont: Generic family 'serif' not found because none of the following families were found: Times
findfont: Generic family 'serif' not found because none of the following families were found: Times
findfont: Generic family 'serif' not found because none of the following families were found: Times
findfont: Generic family 'serif' not found because none of the following families were found: Times
findfont: Generic family 'serif' not found because none of the following families were found: Times
findfont: Generic family 'serif' not found because none of the following families were found: Times
findfont: Generic family 'serif' not found because none of the following families were found: Times
findfont: Generic family 'serif' not found because none of the following families were found: Times
findfont: Generic family 'serif' not found because none of the following families were found: Times
findfont: Generic family 'serif' not found because none of the following families were found: Times
findfont: Generic family 'serif' not found because none of the following families were found: Times
findfont: Generic family 'serif' not found because none of the following families were found: Times
findfont: Generic family 'serif' not found because none of the following families were found: Times
findfont: Generic family 'serif' not found because none of the following families were found: Times
findfont: Generic family 'serif' not found because none of the following families were found: Times
findfont: Generic family 'serif' not found because none of the following families were found: Times
findfont: Generic family 'serif' not found because none of the following families were found: Times
findfont: Generic family 'serif' not found because none of the following families were found: Times
findfont: Generic family 'serif' not found because none of the following families were found: Times
findfont: Generic family 'serif' not found because none of the following families were found: Times
findfont: Generic family 'serif' not found because none of the following families were found: Times
findfont: Generic family 'serif' not found because none of the following families were found: Times
findfont: Generic family 'serif' not found because none of the following families were found: Times
findfont: Generic family 'serif' not found because none of the following families were found: Times
findfont: Generic family 'serif' not found because none of the following families were found: Times
findfont: Generic family 'serif' not found because none of the following families were found: Times
findfont: Generic family 'serif' not found because none of the following families were found: Times
findfont: Generic family 'serif' not found because none of the following families were found: Times
findfont: Generic family 'serif' not found because none of the following families were found: Times
findfont: Generic family 'serif' not found because none of the following families were found: Times
findfont: Generic family 'serif' not found because none of the following families were found: Times
findfont: Generic family 'serif' not found because none of the following families were found: Times
findfont: Generic family 'serif' not found because none of the following families were found: Times
findfont: Generic family 'serif' not found because none of the following families were found: Times
findfont: Generic family 'serif' not found because none of the following families were found: Times
findfont: Generic family 'serif' not found because none of the following families were found: Times
findfont: Generic family 'serif' not found because none of the following families were found: Times
findfont: Generic family 'serif' not found because none of the following families were found: Times
findfont: Generic family 'serif' not found because none of the following families were found: Times
findfont: Generic family 'serif' not found because none of the following families were found: Times
findfont: Generic family 'serif' not found because none of the following families were found: Times
findfont: Generic family 'serif' not found because none of the following families were found: Times
findfont: Generic family 'serif' not found because none of the following families were found: Times
findfont: Generic family 'serif' not found because none of the following families were found: Times
findfont: Generic family 'serif' not found because none of the following families were found: Times
findfont: Generic family 'serif' not found because none of the following families were found: Times
findfont: Generic family 'serif' not found because none of the following families were found: Times
findfont: Generic family 'serif' not found because none of the following families were found: Times
findfont: Generic family 'serif' not found because none of the following families were found: Times
findfont: Generic family 'serif' not found because none of the following families were found: Times
findfont: Generic family 'serif' not found because none of the following families were found: Times
findfont: Generic family 'serif' not found because none of the following families were found: Times
findfont: Generic family 'serif' not found because none of the following families were found: Times
findfont: Generic family 'serif' not found because none of the following families were found: Times
findfont: Generic family 'serif' not found because none of the following families were found: Times
findfont: Generic family 'serif' not found because none of the following families were found: Times
findfont: Generic family 'serif' not found because none of the following families were found: Times
findfont: Generic family 'serif' not found because none of the following families were found: Times
findfont: Generic family 'serif' not found because none of the following families were found: Times
findfont: Generic family 'serif' not found because none of the following families were found: Times
findfont: Generic family 'serif' not found because none of the following families were found: Times
findfont: Generic family 'serif' not found because none of the following families were found: Times
findfont: Generic family 'serif' not found because none of the following families were found: Times
findfont: Generic family 'serif' not found because none of the following families were found: Times
findfont: Generic family 'serif' not found because none of the following families were found: Times
findfont: Generic family 'serif' not found because none of the following families were found: Times
findfont: Generic family 'serif' not found because none of the following families were found: Times
findfont: Generic family 'serif' not found because none of the following families were found: Times
findfont: Generic family 'serif' not found because none of the following families were found: Times
findfont: Generic family 'serif' not found because none of the following families were found: Times
findfont: Generic family 'serif' not found because none of the following families were found: Times
findfont: Generic family 'serif' not found because none of the following families were found: Times
findfont: Generic family 'serif' not found because none of the following families were found: Times
findfont: Generic family 'serif' not found because none of the following families were found: Times
findfont: Generic family 'serif' not found because none of the following families were found: Times
findfont: Generic family 'serif' not found because none of the following families were found: Times
findfont: Generic family 'serif' not found because none of the following families were found: Times
findfont: Generic family 'serif' not found because none of the following families were found: Times
findfont: Generic family 'serif' not found because none of the following families were found: Times
findfont: Generic family 'serif' not found because none of the following families were found: Times
findfont: Generic family 'serif' not found because none of the following families were found: Times
findfont: Generic family 'serif' not found because none of the following families were found: Times
findfont: Generic family 'serif' not found because none of the following families were found: Times
findfont: Generic family 'serif' not found because none of the following families were found: Times
findfont: Generic family 'serif' not found because none of the following families were found: Times
findfont: Generic family 'serif' not found because none of the following families were found: Times
findfont: Generic family 'serif' not found because none of the following families were found: Times
findfont: Generic family 'serif' not found because none of the following families were found: Times
findfont: Generic family 'serif' not found because none of the following families were found: Times
findfont: Generic family 'serif' not found because none of the following families were found: Times
findfont: Generic family 'serif' not found because none of the following families were found: Times
findfont: Generic family 'serif' not found because none of the following families were found: Times
findfont: Generic family 'serif' not found because none of the following families were found: Times
findfont: Generic family 'serif' not found because none of the following families were found: Times
findfont: Generic family 'serif' not found because none of the following families were found: Times
findfont: Generic family 'serif' not found because none of the following families were found: Times
findfont: Generic family 'serif' not found because none of the following families were found: Times
findfont: Generic family 'serif' not found because none of the following families were found: Times
findfont: Generic family 'serif' not found because none of the following families were found: Times
findfont: Generic family 'serif' not found because none of the following families were found: Times
findfont: Generic family 'serif' not found because none of the following families were found: Times
findfont: Generic family 'serif' not found because none of the following families were found: Times
findfont: Generic family 'serif' not found because none of the following families were found: Times
findfont: Generic family 'serif' not found because none of the following families were found: Times
findfont: Generic family 'serif' not found because none of the following families were found: Times
findfont: Generic family 'serif' not found because none of the following families were found: Times
findfont: Generic family 'serif' not found because none of the following families were found: Times
findfont: Generic family 'serif' not found because none of the following families were found: Times
findfont: Generic family 'serif' not found because none of the following families were found: Times
findfont: Generic family 'serif' not found because none of the following families were found: Times
findfont: Generic family 'serif' not found because none of the following families were found: Times
findfont: Generic family 'serif' not found because none of the following families were found: Times
findfont: Generic family 'serif' not found because none of the following families were found: Times
findfont: Generic family 'serif' not found because none of the following families were found: Times
findfont: Generic family 'serif' not found because none of the following families were found: Times
findfont: Generic family 'serif' not found because none of the following families were found: Times
findfont: Generic family 'serif' not found because none of the following families were found: Times
findfont: Generic family 'serif' not found because none of the following families were found: Times
findfont: Generic family 'serif' not found because none of the following families were found: Times
findfont: Generic family 'serif' not found because none of the following families were found: Times
findfont: Generic family 'serif' not found because none of the following families were found: Times
findfont: Generic family 'serif' not found because none of the following families were found: Times
findfont: Generic family 'serif' not found because none of the following families were found: Times
findfont: Generic family 'serif' not found because none of the following families were found: Times
findfont: Generic family 'serif' not found because none of the following families were found: Times
findfont: Generic family 'serif' not found because none of the following families were found: Times
findfont: Generic family 'serif' not found because none of the following families were found: Times
findfont: Generic family 'serif' not found because none of the following families were found: Times
findfont: Generic family 'serif' not found because none of the following families were found: Times
findfont: Generic family 'serif' not found because none of the following families were found: Times
findfont: Generic family 'serif' not found because none of the following families were found: Times
findfont: Generic family 'serif' not found because none of the following families were found: Times
findfont: Generic family 'serif' not found because none of the following families were found: Times
findfont: Generic family 'serif' not found because none of the following families were found: Times
findfont: Generic family 'serif' not found because none of the following families were found: Times
findfont: Generic family 'serif' not found because none of the following families were found: Times
findfont: Generic family 'serif' not found because none of the following families were found: Times
findfont: Generic family 'serif' not found because none of the following families were found: Times
findfont: Generic family 'serif' not found because none of the following families were found: Times
findfont: Generic family 'serif' not found because none of the following families were found: Times
findfont: Generic family 'serif' not found because none of the following families were found: Times
findfont: Generic family 'serif' not found because none of the following families were found: Times
findfont: Generic family 'serif' not found because none of the following families were found: Times
findfont: Generic family 'serif' not found because none of the following families were found: Times
findfont: Generic family 'serif' not found because none of the following families were found: Times
findfont: Generic family 'serif' not found because none of the following families were found: Times
findfont: Generic family 'serif' not found because none of the following families were found: Times
findfont: Generic family 'serif' not found because none of the following families were found: Times
findfont: Generic family 'serif' not found because none of the following families were found: Times
findfont: Generic family 'serif' not found because none of the following families were found: Times
findfont: Generic family 'serif' not found because none of the following families were found: Times
findfont: Generic family 'serif' not found because none of the following families were found: Times
findfont: Generic family 'serif' not found because none of the following families were found: Times
findfont: Generic family 'serif' not found because none of the following families were found: Times
findfont: Generic family 'serif' not found because none of the following families were found: Times
findfont: Generic family 'serif' not found because none of the following families were found: Times
findfont: Generic family 'serif' not found because none of the following families were found: Times
findfont: Generic family 'serif' not found because none of the following families were found: Times
findfont: Generic family 'serif' not found because none of the following families were found: Times
findfont: Generic family 'serif' not found because none of the following families were found: Times
findfont: Generic family 'serif' not found because none of the following families were found: Times
findfont: Generic family 'serif' not found because none of the following families were found: Times
findfont: Generic family 'serif' not found because none of the following families were found: Times
findfont: Generic family 'serif' not found because none of the following families were found: Times
findfont: Generic family 'serif' not found because none of the following families were found: Times
findfont: Generic family 'serif' not found because none of the following families were found: Times
findfont: Generic family 'serif' not found because none of the following families were found: Times
findfont: Generic family 'serif' not found because none of the following families were found: Times
findfont: Generic family 'serif' not found because none of the following families were found: Times
findfont: Generic family 'serif' not found because none of the following families were found: Times
findfont: Generic family 'serif' not found because none of the following families were found: Times
findfont: Generic family 'serif' not found because none of the following families were found: Times
findfont: Generic family 'serif' not found because none of the following families were found: Times
findfont: Generic family 'serif' not found because none of the following families were found: Times
findfont: Generic family 'serif' not found because none of the following families were found: Times
findfont: Generic family 'serif' not found because none of the following families were found: Times
findfont: Generic family 'serif' not found because none of the following families were found: Times
findfont: Generic family 'serif' not found because none of the following families were found: Times
findfont: Generic family 'serif' not found because none of the following families were found: Times
findfont: Generic family 'serif' not found because none of the following families were found: Times
findfont: Generic family 'serif' not found because none of the following families were found: Times
findfont: Generic family 'serif' not found because none of the following families were found: Times
findfont: Generic family 'serif' not found because none of the following families were found: Times
findfont: Generic family 'serif' not found because none of the following families were found: Times
findfont: Generic family 'serif' not found because none of the following families were found: Times
findfont: Generic family 'serif' not found because none of the following families were found: Times
findfont: Generic family 'serif' not found because none of the following families were found: Times
findfont: Generic family 'serif' not found because none of the following families were found: Times
findfont: Generic family 'serif' not found because none of the following families were found: Times
findfont: Generic family 'serif' not found because none of the following families were found: Times
findfont: Generic family 'serif' not found because none of the following families were found: Times
findfont: Generic family 'serif' not found because none of the following families were found: Times
findfont: Generic family 'serif' not found because none of the following families were found: Times
findfont: Generic family 'serif' not found because none of the following families were found: Times
findfont: Generic family 'serif' not found because none of the following families were found: Times
findfont: Generic family 'serif' not found because none of the following families were found: Times
findfont: Generic family 'serif' not found because none of the following families were found: Times
findfont: Generic family 'serif' not found because none of the following families were found: Times
findfont: Generic family 'serif' not found because none of the following families were found: Times
findfont: Generic family 'serif' not found because none of the following families were found: Times
findfont: Generic family 'serif' not found because none of the following families were found: Times
findfont: Generic family 'serif' not found because none of the following families were found: Times
findfont: Generic family 'serif' not found because none of the following families were found: Times
findfont: Generic family 'serif' not found because none of the following families were found: Times
findfont: Generic family 'serif' not found because none of the following families were found: Times
findfont: Generic family 'serif' not found because none of the following families were found: Times
findfont: Generic family 'serif' not found because none of the following families were found: Times
findfont: Generic family 'serif' not found because none of the following families were found: Times
findfont: Generic family 'serif' not found because none of the following families were found: Times
findfont: Generic family 'serif' not found because none of the following families were found: Times
findfont: Generic family 'serif' not found because none of the following families were found: Times
findfont: Generic family 'serif' not found because none of the following families were found: Times
findfont: Generic family 'serif' not found because none of the following families were found: Times
findfont: Generic family 'serif' not found because none of the following families were found: Times
findfont: Generic family 'serif' not found because none of the following families were found: Times
findfont: Generic family 'serif' not found because none of the following families were found: Times
findfont: Generic family 'serif' not found because none of the following families were found: Times
findfont: Generic family 'serif' not found because none of the following families were found: Times
findfont: Generic family 'serif' not found because none of the following families were found: Times
findfont: Generic family 'serif' not found because none of the following families were found: Times
findfont: Generic family 'serif' not found because none of the following families were found: Times
findfont: Generic family 'serif' not found because none of the following families were found: Times
findfont: Generic family 'serif' not found because none of the following families were found: Times
findfont: Generic family 'serif' not found because none of the following families were found: Times
findfont: Generic family 'serif' not found because none of the following families were found: Times
findfont: Generic family 'serif' not found because none of the following families were found: Times
findfont: Generic family 'serif' not found because none of the following families were found: Times
findfont: Generic family 'serif' not found because none of the following families were found: Times
findfont: Generic family 'serif' not found because none of the following families were found: Times
findfont: Generic family 'serif' not found because none of the following families were found: Times
NNHolo initialized
File is .txt
best nets not None
best nets not None
best nets not None
best nets not None
best nets not None
best nets not None
inside beg
Actual learning rate:  0.00013397967485796178
0.00013397967485796178
inside end
None
Model succesfully loaded
Model succesfully saved
S_min:  tensor(4.7237e-10, device='cuda:0')
Length of input s(T) curve:  torch.Size([70])
Min loss:  1.2490725990405952e-06
max phi_h=  2.2819338273886425
[0.53008837 0.52977102 0.53052668 0.53255849 0.53601759 0.54102785
 0.54775834 0.55640087 0.56688121 0.57851794 0.59089236 0.60405204
 0.61945451 0.63821736 0.66087969 0.6860583  0.71198112 0.72106767
 0.76664905 0.91877776 1.02762995 1.1161381  1.19193602 1.25955732
 1.32094436 1.3775006  1.43063103 1.48127007 1.5302384  1.57790062
 1.62406838 1.66792693 1.70826525 1.74457543 1.77701524 1.80626227
 1.83324117 1.85882055 1.88380059 1.90911422 1.93602492 1.96643453
 2.00499777 2.1080244  2.15435772 2.18078799 2.20054841 2.21671061
 2.23052453 2.24256286 2.25303287 2.26194239 2.26923443 2.27485769
 2.27881996 2.28116859 2.28193383 2.28107578 2.278528   2.27449818
 2.26982245 2.26471657 2.2590533  2.25339855 2.24673193 2.23621664
 2.17823392 1.93435929 1.55509125 1.30753347]
RE 0.48212492833665577
inside beg
Actual learning rate:  0.0001211688163570484
0.0001211688163570484
inside end
1.3008529327991667 horas
